59.75243, 0.0, 0.0, 0.005
59.761666, 1.0, 0.0, 0.005
59.768216, 1.0, 0.0, 0.005
59.774065, 1.0, 0.0, 0.005
59.782613, 1.0, 0.0, 0.005
9.81536, 1.0, 0.0, 0.005
59.822839, 1.0, 0.0, 0.005
59.831485, 1.0, 0.0, 0.005
59.839999, 1.0, 0.0, 0.005
59.845034, 1.0, 0.0, 0.005
59.851546, 1.0, 0.0, 0.005
59.859705, 1.0, 0.0, 0.005
59.865093, 1.0, 0.0, 0.005
59.876042, 1.0, 0.0, 0.005
59.882533, 1.0, 0.0, 0.005
59.891285, 1.0, 0.0, 0.005
59.898013, 1.0, 0.0, 0.005
59.909654, 1.0, 0.0, 0.005
59.918171, 1.0, 0.0, 0.005
59.92422, 1.0, 0.0, 0.005
59.93352, 1.0, 0.0, 0.005
59.941919, 1.0, 0.0, 0.005
59.946935, 1.0, 0.0, 0.005
59.953214, 1.0, 0.0, 0.005
59.96145, 1.0, 0.0, 0.005
59.973774, 1.0, 0.0, 0.005
59.977868, 1.0, 0.0, 0.005
59.986485, 1.0, 0.0, 0.005
59.992848, 1.0, 0.0, 0.005
59.999276, 1.0, 0.0, 0.005
60.006717, 1.0, 0.0, 0.005
60.013219, 1.0, 0.0, 0.005
60.026208, 1.0, 0.0, 0.005
60.033184, 1.0, 0.0, 0.005
60.041789, 1.0, 0.0, 0.005
60.053742, 1.0, 0.0, 0.005
60.057707, 1.0, 1119.15242856077, 0.005
60.066845, 1.0, 1119.15242856077, 0.005
60.073964, 1.0, 1119.15242856077, 0.005
60.078724, 1.0, 1119.15242856077, 0.005
60.088227, 1.0, 1119.15242856077, 0.005
60.095143, 1.0, 1119.15242856077, 0.005
60.104513, 1.0, 1319.4352816994326, 0.005
60.11264, 1.0, 1319.4352816994326, 0.005
60.131969, 1.0, 1319.4352816994326, 0.005
60.136718, 1.0, 1483.8262934019192, 0.005
60.145984, 1.0, 1483.8262934019192, 0.005
60.153708, 1.0, 1483.8262934019192, 0.005
60.162762, 1.0, 1483.8262934019192, 0.005
60.1681, 1.0, 1483.8262934019192, 0.005
60.17488, 1.0, 1623.991771775023, 0.005
60.179623, 1.0, 1623.991771775023, 0.005
60.191165, 1.0, 1623.991771775023, 0.005
60.196263, 1.0, 1623.991771775023, 0.005
60.200923, 1.0, 1623.991771775023, 0.005
60.205576, 1.0, 1623.991771775023, 0.005
60.217526, 1.0, 1758.9118198874294, 0.005
60.226343, 1.0, 1758.9118198874294, 0.005
60.239852, 1.0, 1872.7760784068919, 0.005
60.244766, 1.0, 1872.7760784068919, 0.005
60.256731, 1.0, 1872.7760784068919, 0.005
60.261624, 1.0, 1872.7760784068919, 0.005
60.266444, 1.0, 1872.7760784068919, 0.005
60.273674, 1.0, 1984.7833278200462, 0.005
60.278488, 1.0, 1984.7833278200462, 0.005
60.287571, 1.0, 1984.7833278200462, 0.005
60.295118, 1.0, 1984.7833278200462, 0.005
60.30275, 1.0, 2092.1961085152384, 0.005
60.308048, 1.0, 2092.1961085152384, 0.005
60.316811, 1.0, 2092.1961085152384, 0.005
60.321786, 1.0, 2092.1961085152384, 0.005
60.334842, 1.0, 2180.708003198372, 0.005
60.339696, 1.0, 2180.708003198372, 0.005
60.35196, 1.0, 2180.708003198372, 0.005
60.356743, 1.0, 2265.3477308766896, 0.005
60.368573, 1.0, 2265.3477308766896, 0.005
60.377848, 1.0, 2265.3477308766896, 0.005
60.382583, 1.0, 2357.749135491984, 0.005
60.394206, 1.0, 2357.749135491984, 0.005
60.399308, 1.0, 2357.749135491984, 0.005
60.403982, 1.0, 2431.709491772716, 0.005
60.408663, 1.0, 2431.709491772716, 0.005
60.418635, 1.0, 2431.709491772716, 0.005
60.426018, 1.0, 2431.709491772716, 0.005
60.436379, 1.0, 2510.460251046025, 0.005
60.441126, 1.0, 2510.460251046025, 0.005
60.446091, 1.0, 2510.460251046025, 0.005
60.460092, 1.0, 2579.9793601651186, 0.005
60.464981, 1.0, 2579.9793601651186, 0.005
60.476664, 1.0, 2654.1626116960097, 0.005
60.481478, 1.0, 2654.1626116960097, 0.005
60.493175, 1.0, 2654.1626116960097, 0.005
60.498302, 1.0, 2716.6530834012497, 0.005
60.503004, 1.0, 2716.6530834012497, 0.005
60.50818, 1.0, 2716.6530834012497, 0.005
60.519558, 1.0, 2780.3521779425396, 0.005
60.524121, 1.0, 2780.3521779425396, 0.005
60.532442, 1.0, 2780.3521779425396, 0.005
60.537171, 1.0, 2780.3521779425396, 0.005
60.542164, 1.0, 2832.3262839879153, 0.005
60.547028, 1.0, 2832.3262839879153, 0.005
60.563124, 1.0, 2902.7576197387516, 0.005
60.568362, 1.0, 2902.7576197387516, 0.005
60.577606, 1.0, 2902.7576197387516, 0.005
60.582586, 1.0, 2958.579881656805, 0.005
60.594113, 1.0, 2958.579881656805, 0.005
60.599119, 1.0, 3015.6815440289506, 0.005
60.604196, 1.0, 3015.6815440289506, 0.005
60.616166, 1.0, 3015.6815440289506, 0.005
60.621017, 1.0, 3075.9766225776684, 0.005
60.625699, 1.0, 3075.9766225776684, 0.005
60.633774, 1.0, 3075.9766225776684, 0.005
60.638676, 1.0, 3116.5593185123626, 0.005
60.643515, 1.0, 3116.5593185123626, 0.005
60.655267, 1.0, 3116.5593185123626, 0.005
60.660285, 1.0, 3160.2233224481197, 0.005
60.665011, 1.0, 3160.2233224481197, 0.005
60.672474, 1.0, 3160.2233224481197, 0.005
60.677289, 1.0, 3225.4596279969896, 0.005
60.681971, 1.0, 3225.4596279969896, 0.005
60.686652, 1.0, 3225.4596279969896, 0.005
60.702618, 1.0, 3269.7547683923704, 0.005
60.716919, 1.0, 3294.5310784098397, 0.005
60.721795, 1.0, 3294.5310784098397, 0.005
60.733815, 1.0, 3365.492483733453, 0.005
60.738708, 1.0, 3365.492483733453, 0.005
60.743616, 1.0, 3365.492483733453, 0.005
60.755291, 1.0, 3389.830508474576, 0.005
60.760032, 1.0, 3389.830508474576, 0.005
60.764625, 1.0, 3440.7615552242232, 0.005
60.771893, 1.0, 3440.7615552242232, 0.005
60.776615, 1.0, 3440.7615552242232, 0.005
60.785561, 1.0, 3492.433061699651, 0.005
60.792728, 1.0, 3492.433061699651, 0.005
60.802239, 1.0, 3517.8236397748587, 0.005
60.806998, 1.0, 3517.8236397748587, 0.005
60.818476, 1.0, 3572.27911407478, 0.005
60.83159, 1.0, 3600.1440057602304, 0.005
60.836354, 1.0, 3600.1440057602304, 0.005
60.84094, 1.0, 3600.1440057602304, 0.005
60.845596, 1.0, 3600.1440057602304, 0.005
60.853077, 1.0, 3657.1985858832136, 0.005
60.857778, 1.0, 3657.1985858832136, 0.005
60.862565, 1.0, 3657.1985858832136, 0.005
60.8741, 1.0, 3657.1985858832136, 0.005
60.878919, 1.0, 3657.1985858832136, 0.005
60.883761, 1.0, 3716.0906726124117, 0.005
60.896092, 1.0, 3716.0906726124117, 0.005
60.900944, 1.0, 3775.484520513466, 0.005
60.905903, 1.0, 3775.484520513466, 0.005
60.922002, 1.0, 3775.484520513466, 0.005
60.926657, 1.0, 3775.484520513466, 0.005
60.936662, 1.0, 3839.7542557276333, 0.005
60.94486, 1.0, 3838.2804503582397, 0.005
60.954042, 1.0, 3838.2804503582397, 0.005
60.958847, 1.0, 3838.2804503582397, 0.005
60.96349, 1.0, 3901.6777214202107, 0.005
60.975068, 1.0, 3903.2006245120997, 0.005
60.979915, 1.0, 3903.2006245120997, 0.005
60.984583, 1.0, 3903.2006245120997, 0.005
60.99177, 1.0, 3970.354685018528, 0.005
60.996633, 1.0, 3970.354685018528, 0.005
61.005915, 1.0, 3968.778939013097, 0.005
61.013359, 1.0, 3968.778939013097, 0.005
61.018004, 1.0, 3968.778939013097, 0.005
61.022746, 1.0, 4004.8057669203044, 0.005
61.028565, 1.0, 4004.8057669203044, 0.005
61.038636, 1.0, 4073.872895165671, 0.005
61.043496, 1.0, 4073.872895165671, 0.005
61.06121, 1.0, 4073.872895165671, 0.005
61.06581, 1.0, 4073.872895165671, 0.005
61.075083, 1.0, 4073.872895165671, 0.005
61.079893, 1.0, 4147.083218136578, 0.005
61.091492, 1.0, 4147.083218136578, 0.005
61.096286, 1.0, 4147.083218136578, 0.005
61.100968, 1.0, 4147.083218136578, 0.005
61.106027, 1.0, 4147.083218136578, 0.005
61.117899, 1.0, 4184.684056353745, 0.005
61.122668, 1.0, 4222.972972972973, 0.005
61.135419, 1.0, 4222.972972972973, 0.005
61.140209, 1.0, 4260.153365521159, 0.005
61.145089, 1.0, 4260.153365521159, 0.005
61.152606, 1.0, 4261.969029691718, 0.005
61.166779, 1.0, 4299.226139294927, 0.005
61.176014, 1.0, 4299.226139294927, 0.005
61.180732, 1.0, 4301.691998852882, 0.005
61.192492, 1.0, 4340.277777777778, 0.005
61.197147, 1.0, 4340.277777777778, 0.005
61.201946, 1.0, 4340.277777777778, 0.005
61.211529, 1.0, 4380.841121495328, 0.005
61.22226, 1.0, 4383.4015195791935, 0.005
61.227683, 1.0, 4383.4015195791935, 0.005
61.234894, 1.0, 4423.473901503981, 0.005
61.244552, 1.0, 4423.473901503981, 0.005
61.252017, 1.0, 4465.614766299494, 0.005
61.256685, 1.0, 4465.614766299494, 0.005
61.274852, 1.0, 4465.614766299494, 0.005
61.279517, 1.0, 4465.614766299494, 0.005
61.284023, 1.0, 4465.614766299494, 0.005
61.291542, 1.0, 4507.211538461539, 0.005
61.296188, 1.0, 4507.211538461539, 0.005
61.30101, 1.0, 4554.425383330803, 0.005
61.305611, 1.0, 4554.425383330803, 0.005
61.31782, 1.0, 4553.734061930783, 0.005
61.322785, 1.0, 4553.734061930783, 0.005
61.335828, 1.0, 4551.661356395084, 0.005
61.340764, 1.0, 4599.8160073597055, 0.005
61.35297, 1.0, 4645.401052957572, 0.005
61.35775, 1.0, 4645.401052957572, 0.005
61.372773, 1.0, 4643.244079863798, 0.005
61.383696, 1.0, 4646.120489391358, 0.005
61.39117, 1.0, 4690.431519699812, 0.005
61.3958, 1.0, 4690.431519699812, 0.005
61.405249, 1.0, 4690.431519699812, 0.005
61.412793, 1.0, 4690.431519699812, 0.005
61.422457, 1.0, 4738.58790080556, 0.005
61.42786, 1.0, 4738.58790080556, 0.005
61.435384, 1.0, 4738.58790080556, 0.005
61.440149, 1.0, 4738.58790080556, 0.005
61.445021, 1.0, 4740.834386852086, 0.005
61.456677, 1.0, 4787.743376954995, 0.005
61.464478, 1.0, 4787.743376954995, 0.005
61.471694, 1.0, 4787.743376954995, 0.005
61.485129, 1.0, 4837.929366231253, 0.005
61.494205, 1.0, 4837.929366231253, 0.005
61.499034, 1.0, 4837.929366231253, 0.005
61.50383, 1.0, 4837.929366231253, 0.005
61.516004, 1.0, 4837.929366231253, 0.005
61.520806, 1.0, 4889.178617992177, 0.005
1.556103, 1.0, 4941.525284137704, 0.005
61.560908, 1.0, 4941.525284137704, 0.005
61.572489, 1.0, 4941.525284137704, 0.005
61.577244, 1.0, 4941.525284137704, 0.005
61.581909, 1.0, 4941.525284137704, 0.005
61.586534, 1.0, 4941.525284137704, 0.005
61.593716, 1.0, 4939.084622983207, 0.005
61.607015, 1.0, 4995.004995004995, 0.005
61.61663, 1.0, 4995.004995004995, 0.005
61.624846, 1.0, 5047.106325706595, 0.005
61.634014, 1.0, 5047.106325706595, 0.005
61.638692, 1.0, 5049.6549402457495, 0.005
61.643638, 1.0, 5049.6549402457495, 0.005
61.654439, 1.0, 5047.106325706595, 0.005
61.659181, 1.0, 5047.106325706595, 0.005
61.663883, 1.0, 5049.6549402457495, 0.005
61.669189, 1.0, 5049.6549402457495, 0.005
61.68106, 1.0, 5102.908657935023, 0.005
61.685836, 1.0, 5047.106325706595, 0.005
61.695704, 1.0, 5162.622612287041, 0.005
61.706696, 1.0, 5162.622612287041, 0.005
61.716991, 1.0, 5102.908657935023, 0.005
61.721949, 1.0, 5159.958720330237, 0.005
61.726852, 1.0, 5159.958720330237, 0.005
61.736111, 1.0, 5102.908657935023, 0.005
61.741, 1.0, 5102.908657935023, 0.005
61.745817, 1.0, 5218.298834579927, 0.005
61.756455, 1.0, 5162.622612287041, 0.005
61.761316, 1.0, 5162.622612287041, 0.005
61.766083, 1.0, 5159.958720330237, 0.005
61.775728, 1.0, 5159.958720330237, 0.005
61.780917, 1.0, 5218.298834579927, 0.005
61.785681, 1.0, 5218.298834579927, 0.005
61.796019, 1.0, 5218.298834579927, 0.005
61.801083, 1.0, 5277.973258268825, 0.005
61.805897, 1.0, 5277.973258268825, 0.005
61.815665, 1.0, 5218.298834579927, 0.005
61.820524, 1.0, 5218.298834579927, 0.005
61.825182, 1.0, 5277.973258268825, 0.005
61.83929, 1.0, 5277.973258268825, 0.005
61.844206, 1.0, 5277.973258268825, 0.005
61.853938, 1.0, 5277.973258268825, 0.005
61.858751, 1.0, 5277.973258268825, 0.005
61.868489, 1.0, 5339.028296849973, 0.005
61.875615, 1.0, 5339.028296849973, 0.005
61.880261, 1.0, 5339.028296849973, 0.005
61.88495, 1.0, 5339.028296849973, 0.005
61.895314, 1.0, 5336.179295624333, 0.005
61.900121, 1.0, 5336.179295624333, 0.005
61.904917, 1.0, 5339.028296849973, 0.005
61.914914, 1.0, 5339.028296849973, 0.005
61.919702, 1.0, 5339.028296849973, 0.005
61.940833, 1.0, 5336.179295624333, 0.005
61.945759, 1.0, 5336.179295624333, 0.005
61.955648, 1.0, 5401.512423478574, 0.005
61.960231, 1.0, 5401.512423478574, 0.005
61.96496, 1.0, 5401.512423478574, 0.005
61.97495, 1.0, 5401.512423478574, 0.005
61.979765, 1.0, 5462.490895848507, 0.005
61.991725, 1.0, 5462.490895848507, 0.005
61.996487, 1.0, 5465.476407360175, 0.005
62.006308, 1.0, 5398.596364945114, 0.005
62.013886, 1.0, 5465.476407360175, 0.005
62.022998, 1.0, 5465.476407360175, 0.005
62.028745, 1.0, 5465.476407360175, 0.005
62.035614, 1.0, 5527.91597567717, 0.005
62.040376, 1.0, 5527.91597567717, 0.005
62.045113, 1.0, 5527.91597567717, 0.005
62.061857, 1.0, 5527.91597567717, 0.005
62.072674, 1.0, 5465.476407360175, 0.005
62.083018, 1.0, 5527.91597567717, 0.005
62.088171, 1.0, 5527.91597567717, 0.005
62.095004, 1.0, 5530.973451327433, 0.005
62.099665, 1.0, 5594.927265945543, 0.005
62.112112, 1.0, 5530.973451327433, 0.005
62.1175, 1.0, 5530.973451327433, 0.005
62.127418, 1.0, 5594.927265945543, 0.005
62.134937, 1.0, 5527.91597567717, 0.005
62.144537, 1.0, 5598.059339428998, 0.005
62.151806, 1.0, 5598.059339428998, 0.005
62.16504, 1.0, 5594.927265945543, 0.005
62.17419, 1.0, 5594.927265945543, 0.005
62.178858, 1.0, 5666.792595391009, 0.005
62.183634, 1.0, 5666.792595391009, 0.005
62.195283, 1.0, 5594.927265945543, 0.005
62.200127, 1.0, 5663.583160279404, 0.005
62.204826, 1.0, 5663.583160279404, 0.005
62.212114, 1.0, 5594.927265945543, 0.005
62.221848, 1.0, 5666.792595391009, 0.005
62.226777, 1.0, 5666.792595391009, 0.005
62.234191, 1.0, 5663.583160279404, 0.005
62.238872, 1.0, 5663.583160279404, 0.005
62.243554, 1.0, 5663.583160279404, 0.005
62.277664, 1.0, 5666.792595391009, 0.005
62.282643, 1.0, 5733.944954128441, 0.005
62.297379, 1.0, 5733.944954128441, 0.005
62.302017, 1.0, 5733.944954128441, 0.005
62.306674, 1.0, 5733.944954128441, 0.005
62.315949, 1.0, 5733.944954128441, 0.005
62.323253, 1.0, 5733.944954128441, 0.005
62.32843, 1.0, 5733.944954128441, 0.005
62.335786, 1.0, 5733.944954128441, 0.005
62.340669, 1.0, 5733.944954128441, 0.005
62.35219, 1.0, 5806.077027288562, 0.005
62.356953, 1.0, 5733.944954128441, 0.005
62.361586, 1.0, 5733.944954128441, 0.005
62.380858, 1.0, 5806.077027288562, 0.005
62.388287, 1.0, 5806.077027288562, 0.005
62.397874, 1.0, 5806.077027288562, 0.005
62.402542, 1.0, 5806.077027288562, 0.005
62.411985, 1.0, 5806.077027288562, 0.005
62.417008, 1.0, 5806.077027288562, 0.005
62.426877, 1.0, 5806.077027288562, 0.005
62.436536, 1.0, 5880.047040376323, 0.005
62.445409, 1.0, 5880.047040376323, 0.005
62.454791, 1.0, 5806.077027288562, 0.005
62.459607, 1.0, 5876.5915768854065, 0.005
62.471542, 1.0, 5880.047040376323, 0.005
62.476353, 1.0, 5880.047040376323, 0.005
62.481024, 1.0, 5880.047040376323, 0.005
62.485724, 1.0, 5880.047040376323, 0.005
62.492995, 1.0, 5880.047040376323, 0.005
62.49766, 1.0, 5880.047040376323, 0.005
62.512298, 1.0, 5880.047040376323, 0.005
62.517179, 1.0, 5880.047040376323, 0.005
62.526132, 1.0, 5951.200158698671, 0.005
62.535519, 1.0, 5880.047040376323, 0.005
62.540183, 1.0, 5880.047040376323, 0.005
62.545104, 1.0, 5880.047040376323, 0.005
62.555641, 1.0, 5955.926146515783, 0.005
62.562908, 1.0, 5955.926146515783, 0.005
62.56776, 1.0, 5955.926146515783, 0.005
62.577916, 1.0, 5952.380952380952, 0.005
62.582585, 1.0, 5955.926146515783, 0.005
62.59448, 1.0, 5955.926146515783, 0.005
62.599273, 1.0, 5951.200158698671, 0.005
62.603891, 1.0, 5951.200158698671, 0.005
62.611194, 1.0, 5955.926146515783, 0.005
62.615985, 1.0, 5955.926146515783, 0.005
62.620857, 1.0, 5955.926146515783, 0.005
62.635329, 1.0, 6030.150753768844, 0.005
62.640168, 1.0, 5955.926146515783, 0.005
62.645007, 1.0, 5955.926146515783, 0.005
62.654004, 1.0, 6033.789219629928, 0.005
62.658812, 1.0, 6028.938906752411, 0.005
62.663456, 1.0, 6028.938906752411, 0.005
62.676153, 1.0, 5955.926146515783, 0.005
62.680953, 1.0, 6033.789219629928, 0.005
62.68558, 1.0, 6033.789219629928, 0.005
62.693209, 1.0, 6030.150753768844, 0.005
62.698125, 1.0, 6030.150753768844, 0.005
62.702799, 1.0, 6033.789219629928, 0.005
62.714251, 1.0, 6028.938906752411, 0.005
62.722452, 1.0, 6113.715100876299, 0.005
62.727825, 1.0, 6113.715100876299, 0.005
62.741137, 1.0, 6033.789219629928, 0.005
62.746102, 1.0, 6033.789219629928, 0.005
62.758316, 1.0, 6033.789219629928, 0.005
62.763134, 1.0, 6033.789219629928, 0.005
62.768329, 1.0, 6033.789219629928, 0.005
62.775229, 1.0, 6109.979633401222, 0.005
62.780115, 1.0, 6113.715100876299, 0.005
62.78496, 1.0, 6113.715100876299, 0.005
62.796848, 1.0, 6108.7354917532075, 0.005
62.801722, 1.0, 6113.715100876299, 0.005
62.813406, 1.0, 6109.979633401222, 0.005
62.818228, 1.0, 6113.715100876299, 0.005
62.826146, 1.0, 6113.715100876299, 0.005
62.8354, 1.0, 6108.7354917532075, 0.005
62.840062, 1.0, 6113.715100876299, 0.005
62.845126, 1.0, 6113.715100876299, 0.005
62.855769, 1.0, 6109.979633401222, 0.005
62.866772, 1.0, 6108.7354917532075, 0.005
62.878574, 1.0, 6191.950464396285, 0.005
62.885993, 1.0, 6113.715100876299, 0.005
62.895727, 1.0, 6190.672719768882, 0.005
62.900918, 1.0, 6190.672719768882, 0.005
62.905828, 1.0, 6191.950464396285, 0.005
62.91494, 1.0, 6113.715100876299, 0.005
62.919749, 1.0, 6113.715100876299, 0.005
62.928163, 1.0, 6190.672719768882, 0.005
62.93697, 1.0, 6195.786864931846, 0.005
62.94172, 1.0, 6195.786864931846, 0.005
62.954907, 1.0, 6274.837900020917, 0.005
62.959778, 1.0, 6274.837900020917, 0.005
62.971985, 1.0, 6191.950464396285, 0.005
62.9768, 1.0, 6195.786864931846, 0.005
62.992589, 1.0, 6276.150627615062, 0.005
62.999904, 1.0, 6276.150627615062, 0.005
63.004603, 1.0, 6195.786864931846, 0.005
63.013916, 1.0, 6274.837900020917, 0.005
63.01864, 1.0, 6274.837900020917, 0.005
63.026229, 1.0, 6191.950464396285, 0.005
63.036091, 1.0, 6274.837900020917, 0.005
63.041176, 1.0, 6280.092108017584, 0.005
63.046074, 1.0, 6280.092108017584, 0.005
63.057156, 1.0, 6191.950464396285, 0.005
63.061974, 1.0, 6274.837900020917, 0.005
63.066761, 1.0, 6274.837900020917, 0.005
63.080008, 1.0, 6276.150627615062, 0.005
63.084806, 1.0, 6276.150627615062, 0.005
63.096542, 1.0, 6274.837900020917, 0.005
63.101307, 1.0, 6276.150627615062, 0.005
63.106002, 1.0, 6276.150627615062, 0.005
63.113253, 1.0, 6361.323155216285, 0.005
63.118044, 1.0, 6280.092108017584, 0.005
63.123074, 1.0, 6280.092108017584, 0.005
63.133731, 1.0, 6276.150627615062, 0.005
63.138553, 1.0, 6361.323155216285, 0.005
63.151683, 1.0, 6276.150627615062, 0.005
63.161956, 1.0, 6274.837900020917, 0.005
63.166656, 1.0, 6362.672322375398, 0.005
63.174205, 1.0, 6361.323155216285, 0.005
63.206926, 1.0, 6361.323155216285, 0.005
63.216247, 1.0, 6362.672322375398, 0.005
63.221031, 1.0, 6361.323155216285, 0.005
63.232971, 1.0, 6361.323155216285, 0.005
63.237784, 1.0, 6362.672322375398, 0.005
63.247993, 1.0, 6366.723259762309, 0.005
63.255399, 1.0, 6361.323155216285, 0.005
63.259997, 1.0, 6362.672322375398, 0.005
63.264602, 1.0, 6362.672322375398, 0.005
63.274697, 1.0, 6361.323155216285, 0.005
63.281627, 1.0, 6362.672322375398, 0.005
63.298001, 1.0, 6361.323155216285, 0.005
63.302844, 1.0, 6451.612903225807, 0.005
63.308018, 1.0, 6361.323155216285, 0.005
63.319122, 1.0, 6451.612903225807, 0.005
63.324109, 1.0, 6451.612903225807, 0.005
63.335918, 1.0, 6361.323155216285, 0.005
63.340746, 1.0, 6451.612903225807, 0.005
63.354282, 1.0, 6451.612903225807, 0.005
63.359029, 1.0, 6451.612903225807, 0.005
63.363696, 1.0, 6450.225757901527, 0.005
63.37532, 1.0, 6362.672322375398, 0.005
63.380044, 1.0, 6362.672322375398, 0.005
63.384671, 1.0, 6450.225757901527, 0.005
63.391831, 1.0, 6451.612903225807, 0.005
63.39658, 1.0, 6451.612903225807, 0.005
63.415048, 1.0, 6451.612903225807, 0.005
63.419737, 1.0, 6450.225757901527, 0.005
63.43248, 1.0, 6451.612903225807, 0.005
63.437258, 1.0, 6450.225757901527, 0.005
63.44216, 1.0, 6450.225757901527, 0.005
63.446828, 1.0, 6451.612903225807, 0.005
63.45407, 1.0, 6451.612903225807, 0.005
63.458863, 1.0, 6450.225757901527, 0.005
63.463604, 1.0, 6450.225757901527, 0.005
63.476056, 1.0, 6450.225757901527, 0.005
63.480879, 1.0, 6450.225757901527, 0.005
63.49244, 1.0, 6541.648495420846, 0.005
63.497171, 1.0, 6541.648495420846, 0.005
63.501818, 1.0, 6451.612903225807, 0.005
63.513913, 1.0, 6541.648495420846, 0.005
63.518774, 1.0, 6541.648495420846, 0.005
63.523657, 1.0, 6451.612903225807, 0.005
63.532475, 1.0, 6541.648495420846, 0.005
63.537298, 1.0, 6541.648495420846, 0.005
63.542032, 1.0, 6446.067898581865, 0.005
63.546684, 1.0, 6446.067898581865, 0.005
63.560122, 1.0, 6541.648495420846, 0.005
63.564913, 1.0, 6541.648495420846, 0.005
63.574803, 1.0, 6543.075245365322, 0.005
63.579656, 1.0, 6450.225757901527, 0.005
63.591502, 1.0, 6543.075245365322, 0.005
63.596287, 1.0, 6541.648495420846, 0.005
63.600923, 1.0, 6541.648495420846, 0.005
63.612577, 1.0, 6537.371976465461, 0.005
63.619992, 1.0, 6537.371976465461, 0.005
63.624787, 1.0, 6541.648495420846, 0.005
63.638413, 1.0, 6543.075245365322, 0.005
63.643329, 1.0, 6541.648495420846, 0.005
63.648543, 1.0, 6541.648495420846, 0.005
63.660603, 1.0, 6635.700066357001, 0.005
63.665406, 1.0, 6635.700066357001, 0.005
63.673313, 1.0, 6537.371976465461, 0.005
63.678138, 1.0, 6543.075245365322, 0.005
63.682926, 1.0, 6543.075245365322, 0.005
63.688077, 1.0, 6541.648495420846, 0.005
63.699134, 1.0, 6637.168141592921, 0.005
63.703829, 1.0, 6541.648495420846, 0.005
63.70913, 1.0, 6541.648495420846, 0.005
63.716138, 1.0, 6631.29973474801, 0.005
63.720894, 1.0, 6631.29973474801, 0.005
63.732579, 1.0, 6635.700066357001, 0.005
63.741119, 1.0, 6543.075245365322, 0.005
63.745952, 1.0, 6543.075245365322, 0.005
63.759247, 1.0, 6543.075245365322, 0.005
63.76401, 1.0, 6543.075245365322, 0.005
63.776187, 1.0, 6631.29973474801, 0.005
63.78112, 1.0, 6635.700066357001, 0.005
63.785811, 1.0, 6543.075245365322, 0.005
63.793135, 1.0, 6543.075245365322, 0.005
63.797926, 1.0, 6635.700066357001, 0.005
63.802549, 1.0, 6635.700066357001, 0.005
63.814121, 1.0, 6637.168141592921, 0.005
63.818916, 1.0, 6637.168141592921, 0.005
63.82367, 1.0, 6635.700066357001, 0.005
63.835924, 1.0, 6631.29973474801, 0.005
63.840725, 1.0, 6637.168141592921, 0.005
63.853324, 1.0, 6635.700066357001, 0.005
63.858084, 1.0, 6637.168141592921, 0.005
63.862695, 1.0, 6637.168141592921, 0.005
63.87899, 1.0, 6635.700066357001, 0.005
63.883594, 1.0, 6635.700066357001, 0.005
63.895816, 1.0, 6635.700066357001, 0.005
63.900606, 1.0, 6635.700066357001, 0.005
63.91193, 1.0, 6637.168141592921, 0.005
63.91668, 1.0, 6637.168141592921, 0.005
63.926063, 1.0, 6635.700066357001, 0.005
63.933585, 1.0, 6727.9659116393805, 0.005
63.943063, 1.0, 6637.168141592921, 0.005
63.948391, 1.0, 6635.700066357001, 0.005
63.955993, 1.0, 6635.700066357001, 0.005
63.961026, 1.0, 6727.9659116393805, 0.005
63.965931, 1.0, 6637.168141592921, 0.005
63.981949, 1.0, 6732.495511669659, 0.005
63.986562, 1.0, 6631.29973474801, 0.005
63.996342, 1.0, 6734.006734006734, 0.005
64.001116, 1.0, 6734.006734006734, 0.005
64.005753, 1.0, 6631.29973474801, 0.005
64.015933, 1.0, 6732.495511669659, 0.005
64.020984, 1.0, 6734.006734006734, 0.005
64.025745, 1.0, 6734.006734006734, 0.005
64.035472, 1.0, 6631.29973474801, 0.005
64.040283, 1.0, 6732.495511669659, 0.005
64.045102, 1.0, 6732.495511669659, 0.005
64.055013, 1.0, 6734.006734006734, 0.005
64.05982, 1.0, 6734.006734006734, 0.005
64.072185, 1.0, 6732.495511669659, 0.005
64.077137, 1.0, 6727.9659116393805, 0.005
64.081824, 1.0, 6637.168141592921, 0.005
4.114794, 1.0, 6727.9659116393805, 0.005
64.119617, 1.0, 6734.006734006734, 0.005
64.131795, 1.0, 6732.495511669659, 0.005
64.1372, 1.0, 6727.9659116393805, 0.005
64.142141, 1.0, 6727.9659116393805, 0.005
64.146839, 1.0, 6833.71298405467, 0.005
64.156717, 1.0, 6732.495511669659, 0.005
64.163948, 1.0, 6727.9659116393805, 0.005
64.173849, 1.0, 6727.9659116393805, 0.005
64.178529, 1.0, 6734.006734006734, 0.005
64.18868, 1.0, 6727.9659116393805, 0.005
64.195411, 1.0, 6832.156684126623, 0.005
64.200183, 1.0, 6727.9659116393805, 0.005
64.20485, 1.0, 6727.9659116393805, 0.005
64.220774, 1.0, 6827.492034592626, 0.005
64.227841, 1.0, 6732.495511669659, 0.005
64.23464, 1.0, 6734.006734006734, 0.005
64.24278, 1.0, 6827.492034592626, 0.005
64.247499, 1.0, 6827.492034592626, 0.005
64.256666, 1.0, 6732.495511669659, 0.005
64.264773, 1.0, 6827.492034592626, 0.005
64.274126, 1.0, 6734.006734006734, 0.005
64.278873, 1.0, 6827.492034592626, 0.005
64.283576, 1.0, 6827.492034592626, 0.005
64.295589, 1.0, 6727.9659116393805, 0.005
64.300568, 1.0, 6727.9659116393805, 0.005
64.305255, 1.0, 6833.71298405467, 0.005
64.312543, 1.0, 6732.495511669659, 0.005
64.326001, 1.0, 6827.492034592626, 0.005
64.335402, 1.0, 6833.71298405467, 0.005
64.342776, 1.0, 6827.492034592626, 0.005
64.348086, 1.0, 6827.492034592626, 0.005
64.357501, 1.0, 6827.492034592626, 0.005
64.362294, 1.0, 6827.492034592626, 0.005
64.366987, 1.0, 6833.71298405467, 0.005
64.377481, 1.0, 6827.492034592626, 0.005
64.382262, 1.0, 6827.492034592626, 0.005
64.386922, 1.0, 6827.492034592626, 0.005
64.396023, 1.0, 6832.156684126623, 0.005
64.400866, 1.0, 6827.492034592626, 0.005
64.413033, 1.0, 6833.71298405467, 0.005
64.417803, 1.0, 6833.71298405467, 0.005
64.432189, 1.0, 6832.156684126623, 0.005
64.436877, 1.0, 6827.492034592626, 0.005
64.443849, 1.0, 6827.492034592626, 0.005
64.453614, 1.0, 6833.71298405467, 0.005
64.458276, 1.0, 6827.492034592626, 0.005
64.463048, 1.0, 6832.156684126623, 0.005
64.468369, 1.0, 6832.156684126623, 0.005
64.480569, 1.0, 6833.71298405467, 0.005
64.485247, 1.0, 6833.71298405467, 0.005
64.494914, 1.0, 6827.492034592626, 0.005
64.499748, 1.0, 6934.812760055479, 0.005
64.512268, 1.0, 6827.492034592626, 0.005
64.517037, 1.0, 6827.492034592626, 0.005
64.521797, 1.0, 6827.492034592626, 0.005
64.533843, 1.0, 6930.006930006929, 0.005
64.5432, 1.0, 6832.156684126623, 0.005
64.548401, 1.0, 6832.156684126623, 0.005
64.559756, 1.0, 6930.006930006929, 0.005
64.568302, 1.0, 6833.71298405467, 0.005
64.577262, 1.0, 6930.006930006929, 0.005
64.582121, 1.0, 6930.006930006929, 0.005
64.586976, 1.0, 6832.156684126623, 0.005
64.596977, 1.0, 6827.492034592626, 0.005
64.60177, 1.0, 6827.492034592626, 0.005
64.612551, 1.0, 6936.416184971098, 0.005
64.622843, 1.0, 6827.492034592626, 0.005
64.627504, 1.0, 6827.492034592626, 0.005
64.635174, 1.0, 6930.006930006929, 0.005
64.65177, 1.0, 6930.006930006929, 0.005
64.656343, 1.0, 6936.416184971098, 0.005
64.660946, 1.0, 6936.416184971098, 0.005
64.665732, 1.0, 6827.492034592626, 0.005
64.676206, 1.0, 6930.006930006929, 0.005
64.681028, 1.0, 6934.812760055479, 0.005
64.685658, 1.0, 6934.812760055479, 0.005
64.694862, 1.0, 6827.492034592626, 0.005
64.699659, 1.0, 6936.416184971098, 0.005
64.712049, 1.0, 6930.006930006929, 0.005
64.71698, 1.0, 6930.006930006929, 0.005
64.721579, 1.0, 6930.006930006929, 0.005
64.733106, 1.0, 6930.006930006929, 0.005
64.738169, 1.0, 6930.006930006929, 0.005
64.742968, 1.0, 6930.006930006929, 0.005
64.747726, 1.0, 6930.006930006929, 0.005
64.763755, 1.0, 6936.416184971098, 0.005
64.773627, 1.0, 6930.006930006929, 0.005
64.778244, 1.0, 6930.006930006929, 0.005
64.78299, 1.0, 6930.006930006929, 0.005
64.787627, 1.0, 6934.812760055479, 0.005
64.797439, 1.0, 6930.006930006929, 0.005
64.802347, 1.0, 6930.006930006929, 0.005
64.806974, 1.0, 6930.006930006929, 0.005
64.816395, 1.0, 6936.416184971098, 0.005
64.821172, 1.0, 6930.006930006929, 0.005
64.825819, 1.0, 6930.006930006929, 0.005
64.8359, 1.0, 6930.006930006929, 0.005
64.842899, 1.0, 6934.812760055479, 0.005
64.848178, 1.0, 6930.006930006929, 0.005
64.857867, 1.0, 7035.6472795497175, 0.005
64.86259, 1.0, 6930.006930006929, 0.005
64.87959, 1.0, 6930.006930006929, 0.005
64.884293, 1.0, 6930.006930006929, 0.005
64.893607, 1.0, 6930.006930006929, 0.005
64.898398, 1.0, 7040.600797934757, 0.005
64.903012, 1.0, 7040.600797934757, 0.005
64.907683, 1.0, 6930.006930006929, 0.005
64.918094, 1.0, 6930.006930006929, 0.005
64.922784, 1.0, 6930.006930006929, 0.005
64.928044, 1.0, 6930.006930006929, 0.005
64.936588, 1.0, 7042.2535211267605, 0.005
64.944917, 1.0, 6930.006930006929, 0.005
64.953978, 1.0, 7035.6472795497175, 0.005
64.958875, 1.0, 6934.812760055479, 0.005
64.963557, 1.0, 6934.812760055479, 0.005
64.983162, 1.0, 6930.006930006929, 0.005
64.987854, 1.0, 6930.006930006929, 0.005
64.997159, 1.0, 7042.2535211267605, 0.005
65.001931, 1.0, 6930.006930006929, 0.005
65.00674, 1.0, 6930.006930006929, 0.005
65.01687, 1.0, 7035.6472795497175, 0.005
65.021752, 1.0, 6934.812760055479, 0.005
65.026575, 1.0, 7035.6472795497175, 0.005
65.036832, 1.0, 6930.006930006929, 0.005
65.044682, 1.0, 7035.6472795497175, 0.005
65.054281, 1.0, 6936.416184971098, 0.005
65.059199, 1.0, 6936.416184971098, 0.005
65.064105, 1.0, 7035.6472795497175, 0.005
65.069565, 1.0, 7035.6472795497175, 0.005
65.079748, 1.0, 6930.006930006929, 0.005
65.093247, 1.0, 7040.600797934757, 0.005
65.098084, 1.0, 7035.6472795497175, 0.005
65.102758, 1.0, 7035.6472795497175, 0.005
65.114833, 1.0, 7035.6472795497175, 0.005
65.119664, 1.0, 7035.6472795497175, 0.005
65.129211, 1.0, 7035.6472795497175, 0.005
65.136278, 1.0, 7035.6472795497175, 0.005
65.144035, 1.0, 6930.006930006929, 0.005
65.153391, 1.0, 7035.6472795497175, 0.005
65.158121, 1.0, 7040.600797934757, 0.005
65.162933, 1.0, 7035.6472795497175, 0.005
65.168258, 1.0, 7035.6472795497175, 0.005
65.178458, 1.0, 7035.6472795497175, 0.005
65.183262, 1.0, 7035.6472795497175, 0.005
65.188536, 1.0, 7035.6472795497175, 0.005
65.202907, 1.0, 6930.006930006929, 0.005
65.208107, 1.0, 7035.6472795497175, 0.005
65.21976, 1.0, 7035.6472795497175, 0.005
65.227133, 1.0, 7040.600797934757, 0.005
65.234287, 1.0, 7035.6472795497175, 0.005
65.239099, 1.0, 7035.6472795497175, 0.005
65.246038, 1.0, 7035.6472795497175, 0.005
65.256291, 1.0, 7035.6472795497175, 0.005
65.260961, 1.0, 7035.6472795497175, 0.005
65.265759, 1.0, 7035.6472795497175, 0.005
65.275531, 1.0, 7042.2535211267605, 0.005
65.280405, 1.0, 7042.2535211267605, 0.005
65.285086, 1.0, 7035.6472795497175, 0.005
65.295041, 1.0, 7144.55822814956, 0.005
65.299852, 1.0, 7035.6472795497175, 0.005
65.315418, 1.0, 7035.6472795497175, 0.005
65.320168, 1.0, 7040.600797934757, 0.005
65.324889, 1.0, 7035.6472795497175, 0.005
65.333778, 1.0, 7035.6472795497175, 0.005
65.33863, 1.0, 7035.6472795497175, 0.005
65.348561, 1.0, 7035.6472795497175, 0.005
65.355638, 1.0, 7144.55822814956, 0.005
65.360282, 1.0, 7035.6472795497175, 0.005
65.365191, 1.0, 7035.6472795497175, 0.005
65.376022, 1.0, 7035.6472795497175, 0.005
65.380757, 1.0, 7035.6472795497175, 0.005
65.393054, 1.0, 7144.55822814956, 0.005
65.39784, 1.0, 7035.6472795497175, 0.005
65.402494, 1.0, 7035.6472795497175, 0.005
65.41896, 1.0, 7035.6472795497175, 0.005
65.423652, 1.0, 7035.6472795497175, 0.005
65.435821, 1.0, 7144.55822814956, 0.005
65.44064, 1.0, 7144.55822814956, 0.005
65.452535, 1.0, 7042.2535211267605, 0.005
65.457354, 1.0, 7042.2535211267605, 0.005
65.462057, 1.0, 7144.55822814956, 0.005
65.466664, 1.0, 7144.55822814956, 0.005
65.479282, 1.0, 7144.55822814956, 0.005
65.484104, 1.0, 7144.55822814956, 0.005
65.489311, 1.0, 7035.6472795497175, 0.005
65.496256, 1.0, 7144.55822814956, 0.005
65.501086, 1.0, 7144.55822814956, 0.005
65.520491, 1.0, 7035.6472795497175, 0.005
65.525315, 1.0, 7040.600797934757, 0.005
65.534655, 1.0, 7144.55822814956, 0.005
65.539538, 1.0, 7035.6472795497175, 0.005
65.544481, 1.0, 7035.6472795497175, 0.005
65.555064, 1.0, 7035.6472795497175, 0.005
65.560148, 1.0, 7035.6472795497175, 0.005
65.565012, 1.0, 7144.55822814956, 0.005
65.57474, 1.0, 7035.6472795497175, 0.005
65.583081, 1.0, 7144.55822814956, 0.005
65.58852, 1.0, 7151.370679380215, 0.005
65.597287, 1.0, 7035.6472795497175, 0.005
65.60212, 1.0, 7035.6472795497175, 0.005
65.607026, 1.0, 7144.55822814956, 0.005
65.61731, 1.0, 7144.55822814956, 0.005
65.622122, 1.0, 7035.6472795497175, 0.005
65.627098, 1.0, 7035.6472795497175, 0.005
65.641042, 1.0, 7144.55822814956, 0.005
65.646198, 1.0, 7144.55822814956, 0.005
65.657748, 1.0, 7035.6472795497175, 0.005
65.662566, 1.0, 7035.6472795497175, 0.005
65.675206, 1.0, 7144.55822814956, 0.005
65.67998, 1.0, 7144.55822814956, 0.005
65.691965, 1.0, 7035.6472795497175, 0.005
65.697032, 1.0, 7035.6472795497175, 0.005
65.701787, 1.0, 7144.55822814956, 0.005
65.713746, 1.0, 7144.55822814956, 0.005
65.718583, 1.0, 7144.55822814956, 0.005
65.72827, 1.0, 7144.55822814956, 0.005
65.735114, 1.0, 7144.55822814956, 0.005
65.739799, 1.0, 7144.55822814956, 0.005
65.756627, 1.0, 7042.2535211267605, 0.005
65.761344, 1.0, 7144.55822814956, 0.005
65.765978, 1.0, 7144.55822814956, 0.005
65.778313, 1.0, 7144.55822814956, 0.005
65.783081, 1.0, 7144.55822814956, 0.005
65.78827, 1.0, 7144.55822814956, 0.005
65.795454, 1.0, 7144.55822814956, 0.005
65.800473, 1.0, 7144.55822814956, 0.005
65.805311, 1.0, 7144.55822814956, 0.005
65.817572, 1.0, 7144.55822814956, 0.005
65.825017, 1.0, 7144.55822814956, 0.005
65.834683, 1.0, 7144.55822814956, 0.005
65.841311, 1.0, 7144.55822814956, 0.005
65.846196, 1.0, 7144.55822814956, 0.005
65.853485, 1.0, 7144.55822814956, 0.005
65.858047, 1.0, 7144.55822814956, 0.005
65.86268, 1.0, 7144.55822814956, 0.005
65.882202, 1.0, 7144.55822814956, 0.005
65.886781, 1.0, 7144.55822814956, 0.005
65.895838, 1.0, 7144.55822814956, 0.005
65.903975, 1.0, 7144.55822814956, 0.005
65.909165, 1.0, 7149.666348903717, 0.005
65.916207, 1.0, 7144.55822814956, 0.005
65.921032, 1.0, 7144.55822814956, 0.005
65.925687, 1.0, 7144.55822814956, 0.005
65.937433, 1.0, 7256.89404934688, 0.005
65.942328, 1.0, 7144.55822814956, 0.005
65.94788, 1.0, 7144.55822814956, 0.005
65.958868, 1.0, 7144.55822814956, 0.005
65.963601, 1.0, 7144.55822814956, 0.005
65.975958, 1.0, 7256.89404934688, 0.005
65.980911, 1.0, 7256.89404934688, 0.005
65.995359, 1.0, 7144.55822814956, 0.005
66.000027, 1.0, 7256.89404934688, 0.005
66.004687, 1.0, 7256.89404934688, 0.005
66.013888, 1.0, 7144.55822814956, 0.005
66.018618, 1.0, 7144.55822814956, 0.005
66.02927, 1.0, 7144.55822814956, 0.005
66.036348, 1.0, 7256.89404934688, 0.005
66.04105, 1.0, 7144.55822814956, 0.005
66.045719, 1.0, 7144.55822814956, 0.005
66.055595, 1.0, 7144.55822814956, 0.005
66.060208, 1.0, 7256.89404934688, 0.005
66.06496, 1.0, 7256.89404934688, 0.005
66.073879, 1.0, 7144.55822814956, 0.005
66.078622, 1.0, 7256.89404934688, 0.005
66.092041, 1.0, 7144.55822814956, 0.005
66.096862, 1.0, 7144.55822814956, 0.005
66.113228, 1.0, 7144.55822814956, 0.005
66.118115, 1.0, 7256.89404934688, 0.005
66.122713, 1.0, 7256.89404934688, 0.005
66.135119, 1.0, 7256.89404934688, 0.005
66.139903, 1.0, 7256.89404934688, 0.005
66.151901, 1.0, 7256.89404934688, 0.005
66.156649, 1.0, 7256.89404934688, 0.005
66.166543, 1.0, 7256.89404934688, 0.005
66.173776, 1.0, 7256.89404934688, 0.005
66.183082, 1.0, 7256.89404934688, 0.005
66.188359, 1.0, 7256.89404934688, 0.005
66.195116, 1.0, 7144.55822814956, 0.005
66.199923, 1.0, 7256.89404934688, 0.005
66.204674, 1.0, 7256.89404934688, 0.005
66.223166, 1.0, 7256.89404934688, 0.005
66.228334, 1.0, 7144.55822814956, 0.005
66.236869, 1.0, 7256.89404934688, 0.005
66.241756, 1.0, 7144.55822814956, 0.005
66.25456, 1.0, 7256.89404934688, 0.005
66.259281, 1.0, 7256.89404934688, 0.005
66.263842, 1.0, 7256.89404934688, 0.005
66.276519, 1.0, 7256.89404934688, 0.005
66.281241, 1.0, 7256.89404934688, 0.005
66.285905, 1.0, 7144.55822814956, 0.005
66.29326, 1.0, 7256.89404934688, 0.005
66.297912, 1.0, 7256.89404934688, 0.005
66.306896, 1.0, 7256.89404934688, 0.005
66.314488, 1.0, 7144.55822814956, 0.005
66.319004, 1.0, 7256.89404934688, 0.005
66.323585, 1.0, 7256.89404934688, 0.005
66.34225, 1.0, 7251.631617113851, 0.005
66.347538, 1.0, 7251.631617113851, 0.005
66.356222, 1.0, 7256.89404934688, 0.005
66.361001, 1.0, 7149.666348903717, 0.005
66.365665, 1.0, 7256.89404934688, 0.005
66.376091, 1.0, 7256.89404934688, 0.005
66.380885, 1.0, 7256.89404934688, 0.005
66.393702, 1.0, 7256.89404934688, 0.005
66.398406, 1.0, 7256.89404934688, 0.005
66.402981, 1.0, 7256.89404934688, 0.005
66.408058, 1.0, 7256.89404934688, 0.005
66.414979, 1.0, 7256.89404934688, 0.005
66.419834, 1.0, 7144.55822814956, 0.005
66.431148, 1.0, 7256.89404934688, 0.005
66.435913, 1.0, 7256.89404934688, 0.005
66.452689, 1.0, 7144.55822814956, 0.005
66.459912, 1.0, 7256.89404934688, 0.005
66.46728, 1.0, 7256.89404934688, 0.005
66.477148, 1.0, 7256.89404934688, 0.005
66.481895, 1.0, 7256.89404934688, 0.005
66.486584, 1.0, 7144.55822814956, 0.005
66.49639, 1.0, 7256.89404934688, 0.005
66.501074, 1.0, 7256.89404934688, 0.005
66.505672, 1.0, 7256.89404934688, 0.005
66.515432, 1.0, 7144.55822814956, 0.005
66.520137, 1.0, 7144.55822814956, 0.005
66.524793, 1.0, 7256.89404934688, 0.005
66.536604, 1.0, 7256.89404934688, 0.005
66.541338, 1.0, 7251.631617113851, 0.005
66.546039, 1.0, 7251.631617113851, 0.005
66.553613, 1.0, 7256.89404934688, 0.005
66.567208, 1.0, 7256.89404934688, 0.005
66.576423, 1.0, 7256.89404934688, 0.005
66.580996, 1.0, 7256.89404934688, 0.005
66.585763, 1.0, 7251.631617113851, 0.005
66.596407, 1.0, 7262.164124909223, 0.005
66.601142, 1.0, 7251.631617113851, 0.005
66.605742, 1.0, 7251.631617113851, 0.005
66.615807, 1.0, 7256.89404934688, 0.005
66.620708, 1.0, 7256.89404934688, 0.005
66.632765, 1.0, 7251.631617113851, 0.005
66.637643, 1.0, 7251.631617113851, 0.005
66.646878, 1.0, 7256.89404934688, 0.005
66.654589, 1.0, 7256.89404934688, 0.005
66.676233, 1.0, 7251.631617113851, 0.005
66.681034, 1.0, 7256.89404934688, 0.005
66.685656, 1.0, 7256.89404934688, 0.005
66.697154, 1.0, 7256.89404934688, 0.005
66.701931, 1.0, 7256.89404934688, 0.005
66.70662, 1.0, 7256.89404934688, 0.005
66.714, 1.0, 7256.89404934688, 0.005
66.718598, 1.0, 7256.89404934688, 0.005
66.728707, 1.0, 7149.666348903717, 0.005
66.735947, 1.0, 7256.89404934688, 0.005
66.745093, 1.0, 7256.89404934688, 0.005
66.750346, 1.0, 7256.89404934688, 0.005
66.757147, 1.0, 7256.89404934688, 0.005
66.761994, 1.0, 7256.89404934688, 0.005
66.766573, 1.0, 7256.89404934688, 0.005
66.782338, 1.0, 7256.89404934688, 0.005
66.787002, 1.0, 7256.89404934688, 0.005
66.796699, 1.0, 7251.631617113851, 0.005
66.804095, 1.0, 7251.631617113851, 0.005
66.813555, 1.0, 7256.89404934688, 0.005
66.818449, 1.0, 7256.89404934688, 0.005
66.823033, 1.0, 7144.55822814956, 0.005
66.827645, 1.0, 7144.55822814956, 0.005
66.837459, 1.0, 7256.89404934688, 0.005
66.842166, 1.0, 7256.89404934688, 0.005
66.846872, 1.0, 7256.89404934688, 0.005
66.856532, 1.0, 7256.89404934688, 0.005
66.864048, 1.0, 7256.89404934688, 0.005
66.873323, 1.0, 7256.89404934688, 0.005
66.878063, 1.0, 7256.89404934688, 0.005
66.882667, 1.0, 7256.89404934688, 0.005
66.901801, 1.0, 7256.89404934688, 0.005
66.909191, 1.0, 7256.89404934688, 0.005
66.918495, 1.0, 7256.89404934688, 0.005
66.925013, 1.0, 7256.89404934688, 0.005
66.932473, 1.0, 7256.89404934688, 0.005
66.937048, 1.0, 7256.89404934688, 0.005
66.941892, 1.0, 7256.89404934688, 0.005
66.95335, 1.0, 7256.89404934688, 0.005
66.958399, 1.0, 7256.89404934688, 0.005
66.962991, 1.0, 7256.89404934688, 0.005
66.968093, 1.0, 7256.89404934688, 0.005
66.977822, 1.0, 7256.89404934688, 0.005
66.982595, 1.0, 7256.89404934688, 0.005
66.995128, 1.0, 7256.89404934688, 0.005
66.999914, 1.0, 7256.89404934688, 0.005
67.016059, 1.0, 7256.89404934688, 0.005
67.020629, 1.0, 7256.89404934688, 0.005
67.033109, 1.0, 7256.89404934688, 0.005
67.038162, 1.0, 7256.89404934688, 0.005
67.043037, 1.0, 7256.89404934688, 0.005
67.048122, 1.0, 7256.89404934688, 0.005
67.054981, 1.0, 7256.89404934688, 0.005
67.086149, 1.0, 7372.818874416319, 0.005
67.093521, 1.0, 7256.89404934688, 0.005
67.098243, 1.0, 7256.89404934688, 0.005
67.102993, 1.0, 7256.89404934688, 0.005
67.108134, 1.0, 7256.89404934688, 0.005
67.123865, 1.0, 7256.89404934688, 0.005
67.136, 1.0, 7256.89404934688, 0.005
67.140674, 1.0, 7256.89404934688, 0.005
67.151846, 1.0, 7256.89404934688, 0.005
67.156704, 1.0, 7256.89404934688, 0.005
67.16435, 1.0, 7256.89404934688, 0.005
67.173837, 1.0, 7256.89404934688, 0.005
67.178423, 1.0, 7256.89404934688, 0.005
67.183104, 1.0, 7256.89404934688, 0.005
67.188231, 1.0, 7372.818874416319, 0.005
67.198234, 1.0, 7256.89404934688, 0.005
67.20302, 1.0, 7256.89404934688, 0.005
67.208103, 1.0, 7256.89404934688, 0.005
67.216307, 0.0, 7256.89404934688, 0.005
67.222835, 0.0, 7256.89404934688, 0.005
67.235347, 0.0, 7256.89404934688, 0.005
67.243546, 0.0, 7256.89404934688, 0.005
67.253824, 0.0, 7256.89404934688, 0.005
67.259815, 0.0, 7256.89404934688, 0.005
67.267264, 0.0, 7256.89404934688, 0.005
67.273027, 0.0, 7256.89404934688, 0.005
67.281159, 0.0, 7256.89404934688, 0.005
67.285932, 0.0, 7256.89404934688, 0.005
67.291805, 0.0, 7256.89404934688, 0.005
67.299801, 0.0, 7144.55822814956, 0.005
67.307556, 0.0, 7144.55822814956, 0.005
67.315611, 0.0, 7256.89404934688, 0.005
67.321478, 0.0, 7256.89404934688, 0.005
67.33026, 0.0, 7144.55822814956, 0.005
67.333715, 0.0, 7256.89404934688, 0.005
67.345943, 0.0, 7256.89404934688, 0.005
67.351873, 0.0, 7144.55822814956, 0.005
67.359868, 0.0, 7144.55822814956, 0.005
67.364527, 0.0, 7144.55822814956, 0.005
67.374788, 0.0, 7144.55822814956, 0.005
67.380021, 0.0, 7144.55822814956, 0.005
67.389846, 0.0, 7144.55822814956, 0.005
67.395723, 0.0, 7256.89404934688, 0.005
67.401643, 0.0, 7144.55822814956, 0.005
67.40677, 0.0, 7144.55822814956, 0.005
67.412713, 0.0, 7144.55822814956, 0.005
67.420466, 0.0, 7144.55822814956, 0.005
67.425965, 0.0, 7144.55822814956, 0.005
67.434614, 0.0, 7144.55822814956, 0.005
67.444337, 0.0, 7151.370679380215, 0.005
67.454732, 0.0, 7144.55822814956, 0.005
67.460164, 0.0, 7144.55822814956, 0.005
67.471286, 0.0, 7144.55822814956, 0.005
67.477756, 0.0, 7144.55822814956, 0.005
67.482912, 0.0, 7144.55822814956, 0.005
67.491685, 0.0, 7144.55822814956, 0.005
67.499557, 0.0, 7035.6472795497175, 0.005
67.506756, 0.0, 7144.55822814956, 0.005
67.515497, 0.0, 7144.55822814956, 0.005
67.520703, 0.0, 7040.600797934757, 0.005
67.527237, 0.0, 7144.55822814956, 0.005
67.533347, 0.0, 7144.55822814956, 0.005
67.54134, 0.0, 7035.6472795497175, 0.005
67.551809, 0.0, 7035.6472795497175, 0.005
67.564676, 0.0, 7042.2535211267605, 0.005
67.571511, 0.0, 7144.55822814956, 0.005
67.579196, 0.0, 7035.6472795497175, 0.005
67.583919, 0.0, 7035.6472795497175, 0.005
67.594136, 0.0, 7035.6472795497175, 0.005
67.59888, 0.0, 7035.6472795497175, 0.005
67.609525, 0.0, 7040.600797934757, 0.005
67.613022, 0.0, 7144.55822814956, 0.005
67.62081, 0.0, 7035.6472795497175, 0.005
67.6259, 0.0, 7035.6472795497175, 0.005
67.631956, 0.0, 7035.6472795497175, 0.005
67.640865, 0.0, 7035.6472795497175, 0.005
67.649776, 0.0, 6936.416184971098, 0.005
67.660788, 0.0, 7035.6472795497175, 0.005
67.672489, 0.0, 7035.6472795497175, 0.005
67.675931, 0.0, 7035.6472795497175, 0.005
67.684205, 0.0, 6934.812760055479, 0.005
67.690245, 0.0, 7035.6472795497175, 0.005
67.698124, 0.0, 7035.6472795497175, 0.005
67.702898, 0.0, 7035.6472795497175, 0.005
67.713631, 0.0, 7042.2535211267605, 0.005
67.718856, 0.0, 7042.2535211267605, 0.005
67.725115, 0.0, 6930.006930006929, 0.005
67.731115, 0.0, 7035.6472795497175, 0.005
67.739042, 0.0, 7035.6472795497175, 0.005
67.74397, 0.0, 6934.812760055479, 0.005
67.751982, 0.0, 6930.006930006929, 0.005
67.758054, 0.0, 7035.6472795497175, 0.005
67.771762, 0.0, 6936.416184971098, 0.005
67.78244, 0.0, 6930.006930006929, 0.005
67.790617, 0.0, 6930.006930006929, 0.005
67.798333, 0.0, 6934.812760055479, 0.005
67.804284, 0.0, 6930.006930006929, 0.005
67.812265, 0.0, 6930.006930006929, 0.005
67.818229, 0.0, 6936.416184971098, 0.005
67.823583, 0.0, 6936.416184971098, 0.005
67.832321, 0.0, 6930.006930006929, 0.005
67.840244, 0.0, 6930.006930006929, 0.005
67.845068, 0.0, 6934.812760055479, 0.005
67.851169, 0.0, 6934.812760055479, 0.005
67.858898, 0.0, 6827.492034592626, 0.005
67.863909, 0.0, 6936.416184971098, 0.005
67.880106, 0.0, 6827.492034592626, 0.005
67.890903, 0.0, 6934.812760055479, 0.005
67.896406, 0.0, 6827.492034592626, 0.005
67.902323, 0.0, 6827.492034592626, 0.005
67.908094, 0.0, 6936.416184971098, 0.005
67.91379, 0.0, 6827.492034592626, 0.005
67.921568, 0.0, 6827.492034592626, 0.005
67.930847, 0.0, 6930.006930006929, 0.005
67.937494, 0.0, 6930.006930006929, 0.005
67.943869, 0.0, 6827.492034592626, 0.005
67.95252, 0.0, 6833.71298405467, 0.005
67.960413, 0.0, 6827.492034592626, 0.005
67.9712, 0.0, 6832.156684126623, 0.005
67.981321, 0.0, 6827.492034592626, 0.005
67.991704, 0.0, 6833.71298405467, 0.005
67.997932, 0.0, 6827.492034592626, 0.005
68.003164, 0.0, 6832.156684126623, 0.005
68.011912, 0.0, 6827.492034592626, 0.005
68.019844, 0.0, 6833.71298405467, 0.005
68.025002, 0.0, 6833.71298405467, 0.005
68.035908, 0.0, 6832.156684126623, 0.005
68.041159, 0.0, 6832.156684126623, 0.005
68.047455, 0.0, 6727.9659116393805, 0.005
68.053948, 0.0, 6833.71298405467, 0.005
68.062076, 0.0, 6833.71298405467, 0.005
68.067218, 0.0, 6827.492034592626, 0.005
68.073958, 0.0, 6732.495511669659, 0.005
68.086199, 0.0, 6727.9659116393805, 0.005
68.092505, 0.0, 6833.71298405467, 0.005
68.10031, 0.0, 6727.9659116393805, 0.005
68.110764, 0.0, 6732.495511669659, 0.005
68.114072, 0.0, 6732.495511669659, 0.005
68.121893, 0.0, 6734.006734006734, 0.005
68.130536, 0.0, 6727.9659116393805, 0.005
68.134004, 0.0, 6832.156684126623, 0.005
68.142023, 0.0, 6832.156684126623, 0.005
68.146947, 0.0, 6727.9659116393805, 0.005
68.153066, 0.0, 6637.168141592921, 0.005
68.161455, 0.0, 6732.495511669659, 0.005
68.171586, 0.0, 6727.9659116393805, 0.005
68.1849, 0.0, 6734.006734006734, 0.005
68.19268, 0.0, 6727.9659116393805, 0.005
68.198932, 0.0, 6635.700066357001, 0.005
68.204274, 0.0, 6635.700066357001, 0.005
68.213089, 0.0, 6734.006734006734, 0.005
68.221182, 0.0, 6727.9659116393805, 0.005
68.225928, 0.0, 6635.700066357001, 0.005
68.232041, 0.0, 6734.006734006734, 0.005
68.239872, 0.0, 6734.006734006734, 0.005
68.245024, 0.0, 6631.29973474801, 0.005
68.255298, 0.0, 6635.700066357001, 0.005
68.260719, 0.0, 6734.006734006734, 0.005
68.267727, 0.0, 6734.006734006734, 0.005
68.273673, 0.0, 6631.29973474801, 0.005
68.282368, 0.0, 6635.700066357001, 0.005
68.295198, 0.0, 6635.700066357001, 0.005
68.303114, 0.0, 6635.700066357001, 0.005
68.310215, 0.0, 6631.29973474801, 0.005
68.318056, 0.0, 6637.168141592921, 0.005
68.322894, 0.0, 6635.700066357001, 0.005
68.333692, 0.0, 6637.168141592921, 0.005
68.339893, 0.0, 6637.168141592921, 0.005
68.34561, 0.0, 6635.700066357001, 0.005
68.351677, 0.0, 6631.29973474801, 0.005
68.359334, 0.0, 6543.075245365322, 0.005
68.367516, 0.0, 6635.700066357001, 0.005
68.375986, 0.0, 6635.700066357001, 0.005
68.383071, 0.0, 6543.075245365322, 0.005
68.396, 0.0, 6543.075245365322, 0.005
68.403741, 0.0, 6543.075245365322, 0.005
68.410892, 0.0, 6631.29973474801, 0.005
68.418716, 0.0, 6541.648495420846, 0.005
68.423898, 0.0, 6543.075245365322, 0.005
68.434564, 0.0, 6635.700066357001, 0.005
68.440788, 0.0, 6543.075245365322, 0.005
68.446282, 0.0, 6543.075245365322, 0.005
68.452301, 0.0, 6541.648495420846, 0.005
68.46023, 0.0, 6537.371976465461, 0.005
68.465002, 0.0, 6537.371976465461, 0.005
68.475622, 0.0, 6543.075245365322, 0.005
68.48316, 0.0, 6541.648495420846, 0.005
68.495859, 0.0, 6450.225757901527, 0.005
68.503928, 0.0, 6450.225757901527, 0.005
68.510491, 0.0, 6543.075245365322, 0.005
68.518352, 0.0, 6541.648495420846, 0.005
68.526554, 0.0, 6543.075245365322, 0.005
68.534316, 0.0, 6450.225757901527, 0.005
68.540464, 0.0, 6450.225757901527, 0.005
68.545907, 0.0, 6543.075245365322, 0.005
68.551862, 0.0, 6450.225757901527, 0.005
68.559827, 0.0, 6450.225757901527, 0.005
68.565028, 0.0, 6451.612903225807, 0.005
68.575701, 0.0, 6541.648495420846, 0.005
68.579096, 0.0, 6451.612903225807, 0.005
68.586592, 0.0, 6451.612903225807, 0.005
68.598687, 0.0, 6451.612903225807, 0.005
68.606973, 0.0, 6541.648495420846, 0.005
68.613105, 0.0, 6541.648495420846, 0.005
68.62109, 0.0, 6446.067898581865, 0.005
68.625915, 0.0, 6455.777921239509, 0.005
68.632039, 0.0, 6455.777921239509, 0.005
68.639885, 0.0, 6362.672322375398, 0.005
68.64501, 0.0, 6450.225757901527, 0.005
68.650979, 0.0, 6450.225757901527, 0.005
68.65921, 0.0, 6451.612903225807, 0.005
68.663906, 0.0, 6450.225757901527, 0.005
68.674187, 0.0, 6362.672322375398, 0.005
68.681027, 0.0, 6362.672322375398, 0.005
68.690703, 0.0, 6450.225757901527, 0.005
68.694191, 0.0, 6451.612903225807, 0.005
68.706462, 0.0, 6361.323155216285, 0.005
68.714352, 0.0, 6451.612903225807, 0.005
68.720671, 0.0, 6361.323155216285, 0.005
68.726064, 0.0, 6361.323155216285, 0.005
68.732162, 0.0, 6362.672322375398, 0.005
68.740304, 0.0, 6361.323155216285, 0.005
68.745027, 0.0, 6361.323155216285, 0.005
68.755458, 0.0, 6451.612903225807, 0.005
68.761616, 0.0, 6361.323155216285, 0.005
68.766864, 0.0, 6366.723259762309, 0.005
68.773124, 0.0, 6366.723259762309, 0.005
68.779261, 0.0, 6362.672322375398, 0.005
68.78555, 0.0, 6361.323155216285, 0.005
68.791672, 0.0, 6361.323155216285, 0.005
68.800243, 0.0, 6276.150627615062, 0.005
68.810262, 0.0, 6361.323155216285, 0.005
68.813629, 0.0, 6362.672322375398, 0.005
68.825938, 0.0, 6361.323155216285, 0.005
68.83199, 0.0, 6280.092108017584, 0.005
68.839942, 0.0, 6280.092108017584, 0.005
68.845033, 0.0, 6362.672322375398, 0.005
68.850982, 0.0, 6274.837900020917, 0.005
68.858709, 0.0, 6274.837900020917, 0.005
68.863926, 0.0, 6362.672322375398, 0.005
68.874013, 0.0, 6274.837900020917, 0.005
68.880933, 0.0, 6280.092108017584, 0.005
68.88734, 0.0, 6280.092108017584, 0.005
68.893541, 0.0, 6276.150627615062, 0.005
68.901832, 0.0, 6361.323155216285, 0.005
68.911499, 0.0, 6276.150627615062, 0.005
68.923628, 0.0, 6280.092108017584, 0.005
68.934145, 0.0, 6274.837900020917, 0.005
68.940223, 0.0, 6191.950464396285, 0.005
68.94578, 0.0, 6191.950464396285, 0.005
68.95167, 0.0, 6274.837900020917, 0.005
68.959316, 0.0, 6280.092108017584, 0.005
68.963917, 0.0, 6280.092108017584, 0.005
68.974735, 0.0, 6276.150627615062, 0.005
68.981837, 0.0, 6190.672719768882, 0.005
68.987113, 0.0, 6280.092108017584, 0.005
68.993424, 0.0, 6280.092108017584, 0.005
69.001454, 0.0, 6191.950464396285, 0.005
69.014116, 0.0, 6274.837900020917, 0.005
69.017656, 0.0, 6195.786864931846, 0.005
69.023667, 0.0, 6191.950464396285, 0.005
69.03635, 0.0, 6190.672719768882, 0.005
69.044322, 0.0, 6280.092108017584, 0.005
69.053196, 0.0, 6191.950464396285, 0.005
69.058718, 0.0, 6191.950464396285, 0.005
69.06479, 0.0, 6190.672719768882, 0.005
69.070663, 0.0, 6190.672719768882, 0.005
69.078896, 0.0, 6195.786864931846, 0.005
69.085364, 0.0, 6109.979633401222, 0.005
69.091548, 0.0, 6195.786864931846, 0.005
69.09924, 0.0, 6195.786864931846, 0.005
69.103911, 0.0, 6190.672719768882, 0.005
69.115178, 0.0, 6195.786864931846, 0.005
69.121261, 0.0, 6109.979633401222, 0.005
69.126524, 0.0, 6109.979633401222, 0.005
69.132594, 0.0, 6190.672719768882, 0.005
69.145292, 0.0, 6113.715100876299, 0.005
69.153047, 0.0, 6113.715100876299, 0.005
69.15968, 0.0, 6191.950464396285, 0.005
69.165036, 0.0, 6191.950464396285, 0.005
69.171165, 0.0, 6108.7354917532075, 0.005
69.179523, 0.0, 6113.715100876299, 0.005
69.190218, 0.0, 6109.979633401222, 0.005
69.198008, 0.0, 6109.979633401222, 0.005
69.202926, 0.0, 6113.715100876299, 0.005
69.213435, 0.0, 6108.7354917532075, 0.005
69.222109, 0.0, 6113.715100876299, 0.005
69.226921, 0.0, 6113.715100876299, 0.005
69.23303, 0.0, 6109.979633401222, 0.005
69.240891, 0.0, 6113.715100876299, 0.005
69.245939, 0.0, 6113.715100876299, 0.005
69.252066, 0.0, 6028.938906752411, 0.005
69.26427, 0.0, 6113.715100876299, 0.005
69.270462, 0.0, 6033.789219629928, 0.005
69.27798, 0.0, 6109.979633401222, 0.005
69.283069, 0.0, 6109.979633401222, 0.005
69.294056, 0.0, 6033.789219629928, 0.005
69.297638, 0.0, 6108.7354917532075, 0.005
69.305572, 0.0, 6108.7354917532075, 0.005
69.311682, 0.0, 6033.789219629928, 0.005
69.31967, 0.0, 6030.150753768844, 0.005
69.325062, 0.0, 6030.150753768844, 0.005
69.331339, 0.0, 6033.789219629928, 0.005
69.339281, 0.0, 6033.789219629928, 0.005
69.343922, 0.0, 6033.789219629928, 0.005
69.354271, 0.0, 6028.938906752411, 0.005
69.364319, 0.0, 6033.789219629928, 0.005
69.374819, 0.0, 6030.150753768844, 0.005
69.382097, 0.0, 5955.926146515783, 0.005
69.390458, 0.0, 6033.789219629928, 0.005
69.394045, 0.0, 6033.789219629928, 0.005
69.401876, 0.0, 6028.938906752411, 0.005
69.406897, 0.0, 6028.938906752411, 0.005
69.413027, 0.0, 5955.926146515783, 0.005
69.420909, 0.0, 6033.789219629928, 0.005
69.425963, 0.0, 6033.789219629928, 0.005
69.432057, 0.0, 5952.380952380952, 0.005
69.439934, 0.0, 5955.926146515783, 0.005
69.445008, 0.0, 5955.926146515783, 0.005
69.455485, 0.0, 5955.926146515783, 0.005
69.461646, 0.0, 6033.789219629928, 0.005
69.473799, 0.0, 5951.200158698671, 0.005
69.482129, 0.0, 5955.926146515783, 0.005
69.486622, 0.0, 5955.926146515783, 0.005
69.492833, 0.0, 5955.926146515783, 0.005
69.500844, 0.0, 5880.047040376323, 0.005
69.505948, 0.0, 5880.047040376323, 0.005
69.512001, 0.0, 5955.926146515783, 0.005
69.534238, 0.0, 5880.047040376323, 0.005
69.539975, 0.0, 5955.926146515783, 0.005
69.546102, 0.0, 5955.926146515783, 0.005
69.552177, 0.0, 5880.047040376323, 0.005
69.56007, 0.0, 5951.200158698671, 0.005
69.565028, 0.0, 5951.200158698671, 0.005
69.581764, 0.0, 5880.047040376323, 0.005
69.585158, 0.0, 5880.047040376323, 0.005
69.591235, 0.0, 5955.926146515783, 0.005
69.599957, 0.0, 5880.047040376323, 0.005
69.61024, 0.0, 5880.047040376323, 0.005
69.61827, 0.0, 5880.047040376323, 0.005
69.62293, 0.0, 5876.5915768854065, 0.005
69.633645, 0.0, 5806.077027288562, 0.005
69.639258, 0.0, 5806.077027288562, 0.005
69.645796, 0.0, 5880.047040376323, 0.005
69.651748, 0.0, 5880.047040376323, 0.005
69.65973, 0.0, 5880.047040376323, 0.005
69.665048, 0.0, 5880.047040376323, 0.005
69.671121, 0.0, 5806.077027288562, 0.005
69.683659, 0.0, 5880.047040376323, 0.005
69.692482, 0.0, 5806.077027288562, 0.005
69.700438, 0.0, 5806.077027288562, 0.005
69.712937, 0.0, 5806.077027288562, 0.005
69.716491, 0.0, 5806.077027288562, 0.005
69.724226, 0.0, 5880.047040376323, 0.005
69.730612, 0.0, 5880.047040376323, 0.005
69.738515, 0.0, 5806.077027288562, 0.005
69.746618, 0.0, 5806.077027288562, 0.005
69.754582, 0.0, 5806.077027288562, 0.005
69.760722, 0.0, 5806.077027288562, 0.005
69.766225, 0.0, 5733.944954128441, 0.005
69.772151, 0.0, 5733.944954128441, 0.005
69.780814, 0.0, 5806.077027288562, 0.005
69.793441, 0.0, 5806.077027288562, 0.005
69.799755, 0.0, 5806.077027288562, 0.005
69.806086, 0.0, 5733.944954128441, 0.005
69.812177, 0.0, 5733.944954128441, 0.005
69.82004, 0.0, 5806.077027288562, 0.005
69.825026, 0.0, 5806.077027288562, 0.005
69.830923, 0.0, 5733.944954128441, 0.005
69.838692, 0.0, 5733.944954128441, 0.005
69.84396, 0.0, 5733.944954128441, 0.005
69.850145, 0.0, 5733.944954128441, 0.005
69.857881, 0.0, 5737.234652897303, 0.005
69.862919, 0.0, 5737.234652897303, 0.005
69.87196, 0.0, 5806.077027288562, 0.005
69.878589, 0.0, 5663.583160279404, 0.005
69.884766, 0.0, 5663.583160279404, 0.005
69.890923, 0.0, 5733.944954128441, 0.005
69.904023, 0.0, 5733.944954128441, 0.005
69.912693, 0.0, 5733.944954128441, 0.005
69.918737, 0.0, 5733.944954128441, 0.005
69.924174, 0.0, 5663.583160279404, 0.005
69.953083, 0.0, 5733.944954128441, 0.005
69.95929, 0.0, 5733.944954128441, 0.005
69.964659, 0.0, 5663.583160279404, 0.005
69.973151, 0.0, 5663.583160279404, 0.005
69.978575, 0.0, 5663.583160279404, 0.005
69.985834, 0.0, 5666.792595391009, 0.005
69.991976, 0.0, 5666.792595391009, 0.005
70.004573, 0.0, 5663.583160279404, 0.005
70.012797, 0.0, 5663.583160279404, 0.005
70.018847, 0.0, 5594.927265945543, 0.005
70.024291, 0.0, 5594.927265945543, 0.005
70.033479, 0.0, 5666.792595391009, 0.005
70.041798, 0.0, 5663.583160279404, 0.005
70.051431, 0.0, 5663.583160279404, 0.005
70.060048, 0.0, 5598.059339428998, 0.005
70.067689, 0.0, 5598.059339428998, 0.005
70.075694, 0.0, 5663.583160279404, 0.005
70.081858, 0.0, 5594.927265945543, 0.005
70.088267, 0.0, 5594.927265945543, 0.005
70.094754, 0.0, 5594.927265945543, 0.005
70.112004, 0.0, 5598.059339428998, 0.005
70.115602, 0.0, 5594.927265945543, 0.005
70.121739, 0.0, 5666.792595391009, 0.005
70.126933, 0.0, 5666.792595391009, 0.005
70.132914, 0.0, 5527.91597567717, 0.005
70.140737, 0.0, 5527.91597567717, 0.005
70.145938, 0.0, 5594.927265945543, 0.005
70.151846, 0.0, 5594.927265945543, 0.005
70.15964, 0.0, 5598.059339428998, 0.005
70.165204, 0.0, 5594.927265945543, 0.005
70.171227, 0.0, 5594.927265945543, 0.005
70.179172, 0.0, 5530.973451327433, 0.005
70.183899, 0.0, 5530.973451327433, 0.005
70.194742, 0.0, 5594.927265945543, 0.005
70.201778, 0.0, 5530.973451327433, 0.005
70.214356, 0.0, 5594.927265945543, 0.005
70.222338, 0.0, 5527.91597567717, 0.005
70.23309, 0.0, 5530.973451327433, 0.005
70.238464, 0.0, 5530.973451327433, 0.005
70.244783, 0.0, 5527.91597567717, 0.005
70.252524, 0.0, 5530.973451327433, 0.005
70.260514, 0.0, 5530.973451327433, 0.005
70.266014, 0.0, 5527.91597567717, 0.005
70.274667, 0.0, 5530.973451327433, 0.005
70.279858, 0.0, 5530.973451327433, 0.005
70.286439, 0.0, 5462.490895848507, 0.005
70.293179, 0.0, 5462.490895848507, 0.005
70.30126, 0.0, 5530.973451327433, 0.005
70.305981, 0.0, 5462.490895848507, 0.005
70.312246, 0.0, 5462.490895848507, 0.005
70.324888, 0.0, 5530.973451327433, 0.005
70.332781, 0.0, 5465.476407360175, 0.005
70.338796, 0.0, 5462.490895848507, 0.005
70.34423, 0.0, 5462.490895848507, 0.005
70.352953, 0.0, 5530.973451327433, 0.005
70.360948, 0.0, 5462.490895848507, 0.005
70.365974, 0.0, 5462.490895848507, 0.005
70.37217, 0.0, 5465.476407360175, 0.005
70.37999, 0.0, 5465.476407360175, 0.005
70.384848, 0.0, 5462.490895848507, 0.005
70.391025, 0.0, 5462.490895848507, 0.005
70.398819, 0.0, 5401.512423478574, 0.005
70.403923, 0.0, 5401.512423478574, 0.005
70.414363, 0.0, 5465.476407360175, 0.005
70.424219, 0.0, 5462.490895848507, 0.005
70.434643, 0.0, 5401.512423478574, 0.005
70.440886, 0.0, 5465.476407360175, 0.005
70.446327, 0.0, 5465.476407360175, 0.005
70.452454, 0.0, 5398.596364945114, 0.005
70.460511, 0.0, 5401.512423478574, 0.005
70.46548, 0.0, 5401.512423478574, 0.005
70.474018, 0.0, 5401.512423478574, 0.005
70.479662, 0.0, 5401.512423478574, 0.005
70.486246, 0.0, 5401.512423478574, 0.005
70.492926, 0.0, 5401.512423478574, 0.005
70.501, 0.0, 5398.596364945114, 0.005
70.505959, 0.0, 5401.512423478574, 0.005
70.512034, 0.0, 5401.512423478574, 0.005
70.519999, 0.0, 5401.512423478574, 0.005
70.525031, 0.0, 5401.512423478574, 0.005
70.53719, 0.0, 5339.028296849973, 0.005
70.543326, 0.0, 5398.596364945114, 0.005
70.553676, 0.0, 5339.028296849973, 0.005
70.558986, 0.0, 5339.028296849973, 0.005
70.56509, 0.0, 5401.512423478574, 0.005
70.571459, 0.0, 5339.028296849973, 0.005
70.579534, 0.0, 5339.028296849973, 0.005
70.586974, 0.0, 5339.028296849973, 0.005
70.595636, 0.0, 5336.179295624333, 0.005
70.601153, 0.0, 5336.179295624333, 0.005
70.610132, 0.0, 5339.028296849973, 0.005
70.613467, 0.0, 5339.028296849973, 0.005
70.62137, 0.0, 5339.028296849973, 0.005
70.631453, 0.0, 5339.028296849973, 0.005
70.643808, 0.0, 5277.973258268825, 0.005
70.654241, 0.0, 5339.028296849973, 0.005
70.659612, 0.0, 5339.028296849973, 0.005
70.666268, 0.0, 5277.973258268825, 0.005
70.672243, 0.0, 5277.973258268825, 0.005
70.680952, 0.0, 5339.028296849973, 0.005
70.687318, 0.0, 5277.973258268825, 0.005
70.693662, 0.0, 5277.973258268825, 0.005
70.701483, 0.0, 5277.973258268825, 0.005
70.71089, 0.0, 5277.973258268825, 0.005
70.717338, 0.0, 5277.973258268825, 0.005
70.723416, 0.0, 5277.973258268825, 0.005
70.731354, 0.0, 5277.973258268825, 0.005
70.737668, 0.0, 5277.973258268825, 0.005
70.747484, 0.0, 5277.973258268825, 0.005
70.756038, 0.0, 5218.298834579927, 0.005
70.761219, 0.0, 5218.298834579927, 0.005
70.767329, 0.0, 5277.973258268825, 0.005
70.773241, 0.0, 5277.973258268825, 0.005
70.781233, 0.0, 5218.298834579927, 0.005
70.785603, 0.0, 5218.298834579927, 0.005
70.792569, 0.0, 5277.973258268825, 0.005
70.800656, 0.0, 5218.298834579927, 0.005
70.808231, 0.0, 5218.298834579927, 0.005
70.816443, 0.0, 5218.298834579927, 0.005
70.821634, 0.0, 5218.298834579927, 0.005
70.827685, 0.0, 5218.298834579927, 0.005
70.833681, 0.0, 5218.298834579927, 0.005
70.841743, 0.0, 5218.298834579927, 0.005
70.851836, 0.0, 5218.298834579927, 0.005
70.863767, 0.0, 5162.622612287041, 0.005
70.871448, 0.0, 5218.298834579927, 0.005
70.879399, 0.0, 5159.958720330237, 0.005
70.886506, 0.0, 5159.958720330237, 0.005
70.894273, 0.0, 5218.298834579927, 0.005
70.903092, 0.0, 5159.958720330237, 0.005
70.912339, 0.0, 5159.958720330237, 0.005
70.918447, 0.0, 5162.622612287041, 0.005
70.923702, 0.0, 5162.622612287041, 0.005
70.932266, 0.0, 5159.958720330237, 0.005
70.940199, 0.0, 5159.958720330237, 0.005
70.945032, 0.0, 5159.958720330237, 0.005
70.951018, 0.0, 5159.958720330237, 0.005
70.977276, 0.0, 5102.908657935023, 0.005
70.982667, 0.0, 5102.908657935023, 0.005
70.991664, 0.0, 5159.958720330237, 0.005
71.001072, 0.0, 5102.908657935023, 0.005
71.010797, 0.0, 5105.513955071477, 0.005
71.014232, 0.0, 5105.513955071477, 0.005
71.022139, 0.0, 5159.958720330237, 0.005
71.028097, 0.0, 5159.958720330237, 0.005
71.034744, 0.0, 5102.908657935023, 0.005
71.04265, 0.0, 5105.513955071477, 0.005
71.052117, 0.0, 5105.513955071477, 0.005
71.05809, 0.0, 5047.106325706595, 0.005
71.067834, 0.0, 5105.513955071477, 0.005
71.076449, 0.0, 5105.513955071477, 0.005
71.081775, 0.0, 5102.908657935023, 0.005
71.090606, 0.0, 5049.6549402457495, 0.005
71.097044, 0.0, 5049.6549402457495, 0.005
71.103737, 0.0, 5102.908657935023, 0.005
71.112204, 0.0, 5102.908657935023, 0.005
71.118208, 0.0, 5049.6549402457495, 0.005
71.123637, 0.0, 5049.6549402457495, 0.005
71.132522, 0.0, 5047.106325706595, 0.005
71.14051, 0.0, 5047.106325706595, 0.005
71.150293, 0.0, 5049.6549402457495, 0.005
71.156464, 0.0, 5049.6549402457495, 0.005
71.161699, 0.0, 5049.6549402457495, 0.005
71.170859, 0.0, 5049.6549402457495, 0.005
71.174323, 0.0, 4992.511233150275, 0.005
71.186699, 0.0, 5049.6549402457495, 0.005
71.192959, 0.0, 5049.6549402457495, 0.005
71.201763, 0.0, 4992.511233150275, 0.005
71.211615, 0.0, 5049.6549402457495, 0.005
71.219382, 0.0, 5049.6549402457495, 0.005
71.230034, 0.0, 4992.511233150275, 0.005
71.235528, 0.0, 4995.004995004995, 0.005
71.241925, 0.0, 4995.004995004995, 0.005
71.247959, 0.0, 4992.511233150275, 0.005
71.254186, 0.0, 4992.511233150275, 0.005
71.262009, 0.0, 4995.004995004995, 0.005
71.266911, 0.0, 4995.004995004995, 0.005
71.27302, 0.0, 4995.004995004995, 0.005
71.285348, 0.0, 4941.525284137704, 0.005
71.293343, 0.0, 4992.511233150275, 0.005
71.300526, 0.0, 4992.511233150275, 0.005
71.306363, 0.0, 4941.525284137704, 0.005
71.312777, 0.0, 4941.525284137704, 0.005
71.320933, 0.0, 4995.004995004995, 0.005
71.325936, 0.0, 4995.004995004995, 0.005
71.331994, 0.0, 4939.084622983207, 0.005
71.339806, 0.0, 4939.084622983207, 0.005
71.350565, 0.0, 4941.525284137704, 0.005
71.356484, 0.0, 4941.525284137704, 0.005
71.362595, 0.0, 4941.525284137704, 0.005
71.367796, 0.0, 4941.525284137704, 0.005
1.386033, 0.0, 4886.789379377748, 0.005
71.393969, 0.0, 4941.525284137704, 0.005
71.400973, 0.0, 4941.525284137704, 0.005
71.40679, 0.0, 4889.178617992177, 0.005
71.412869, 0.0, 4889.178617992177, 0.005
71.42137, 0.0, 4941.525284137704, 0.005
71.425938, 0.0, 4941.525284137704, 0.005
71.432102, 0.0, 4889.178617992177, 0.005
71.439982, 0.0, 4889.178617992177, 0.005
71.445026, 0.0, 4889.178617992177, 0.005
71.455374, 0.0, 4889.178617992177, 0.005
71.4615, 0.0, 4889.178617992177, 0.005
71.466738, 0.0, 4886.789379377748, 0.005
71.472771, 0.0, 4886.789379377748, 0.005
71.480617, 0.0, 4837.929366231253, 0.005
71.497485, 0.0, 4889.178617992177, 0.005
71.501097, 0.0, 4837.929366231253, 0.005
71.511563, 0.0, 4837.929366231253, 0.005
71.518325, 0.0, 4889.178617992177, 0.005
71.525013, 0.0, 4889.178617992177, 0.005
71.531226, 0.0, 4837.929366231253, 0.005
71.539127, 0.0, 4837.929366231253, 0.005
71.543939, 0.0, 4837.929366231253, 0.005
71.554216, 0.0, 4837.929366231253, 0.005
71.559702, 0.0, 4837.929366231253, 0.005
71.565688, 0.0, 4787.743376954995, 0.005
71.571617, 0.0, 4787.743376954995, 0.005
71.579703, 0.0, 4837.929366231253, 0.005
71.586776, 0.0, 4837.929366231253, 0.005
71.595516, 0.0, 4837.929366231253, 0.005
71.60499, 0.0, 4787.743376954995, 0.005
71.615525, 0.0, 4790.801660811242, 0.005
71.622774, 0.0, 4790.801660811242, 0.005
71.632103, 0.0, 4837.929366231253, 0.005
71.640334, 0.0, 4787.743376954995, 0.005
71.648259, 0.0, 4787.743376954995, 0.005
71.656264, 0.0, 4738.58790080556, 0.005
71.661584, 0.0, 4738.58790080556, 0.005
71.670926, 0.0, 4787.743376954995, 0.005
71.674587, 0.0, 4787.743376954995, 0.005
71.682389, 0.0, 4787.743376954995, 0.005
71.692682, 0.0, 4740.834386852086, 0.005
71.698938, 0.0, 4740.834386852086, 0.005
71.711629, 0.0, 4787.743376954995, 0.005
71.720101, 0.0, 4738.58790080556, 0.005
71.728083, 0.0, 4738.58790080556, 0.005
71.735479, 0.0, 4738.58790080556, 0.005
71.742025, 0.0, 4738.58790080556, 0.005
71.747511, 0.0, 4738.58790080556, 0.005
71.753364, 0.0, 4741.58368895211, 0.005
71.761154, 0.0, 4741.58368895211, 0.005
71.765948, 0.0, 4690.431519699812, 0.005
71.771874, 0.0, 4690.431519699812, 0.005
71.779645, 0.0, 4738.58790080556, 0.005
71.785029, 0.0, 4738.58790080556, 0.005
71.79589, 0.0, 4692.632566870014, 0.005
71.799273, 0.0, 4692.632566870014, 0.005
71.811111, 0.0, 4738.58790080556, 0.005
71.823349, 0.0, 4690.431519699812, 0.005
71.833648, 0.0, 4693.366708385482, 0.005
71.839219, 0.0, 4693.366708385482, 0.005
71.845595, 0.0, 4690.431519699812, 0.005
71.851681, 0.0, 4690.431519699812, 0.005
71.859833, 0.0, 4645.401052957572, 0.005
71.865041, 0.0, 4645.401052957572, 0.005
71.875468, 0.0, 4690.431519699812, 0.005
71.880684, 0.0, 4646.120489391358, 0.005
71.886758, 0.0, 4646.120489391358, 0.005
71.892647, 0.0, 4690.431519699812, 0.005
71.898286, 0.0, 4690.431519699812, 0.005
71.905473, 0.0, 4643.244079863798, 0.005
71.911579, 0.0, 4643.244079863798, 0.005
71.924264, 0.0, 4645.401052957572, 0.005
71.93223, 0.0, 4643.244079863798, 0.005
71.938196, 0.0, 4643.244079863798, 0.005
71.944219, 0.0, 4646.120489391358, 0.005
71.95295, 0.0, 4646.120489391358, 0.005
71.960864, 0.0, 4596.996628869139, 0.005
71.965958, 0.0, 4596.996628869139, 0.005
71.972121, 0.0, 4645.401052957572, 0.005
71.979905, 0.0, 4645.401052957572, 0.005
71.9877, 0.0, 4596.996628869139, 0.005
71.996263, 0.0, 4599.8160073597055, 0.005
72.002649, 0.0, 4599.8160073597055, 0.005
72.011788, 0.0, 4599.11083857121, 0.005
72.023981, 0.0, 4596.996628869139, 0.005
72.032636, 0.0, 4596.996628869139, 0.005
72.0406, 0.0, 4599.8160073597055, 0.005
72.046108, 0.0, 4599.8160073597055, 0.005
72.054693, 0.0, 4553.734061930783, 0.005
72.059999, 0.0, 4553.734061930783, 0.005
72.066106, 0.0, 4596.996628869139, 0.005
72.072317, 0.0, 4596.996628869139, 0.005
72.105389, 0.0, 4551.661356395084, 0.005
72.111482, 0.0, 4551.661356395084, 0.005
72.123618, 0.0, 4554.425383330803, 0.005
72.134026, 0.0, 4509.243950097701, 0.005
72.140399, 0.0, 4554.425383330803, 0.005
72.146269, 0.0, 4554.425383330803, 0.005
72.152442, 0.0, 4554.425383330803, 0.005
72.160287, 0.0, 4509.243950097701, 0.005
72.165026, 0.0, 4509.243950097701, 0.005
72.170966, 0.0, 4551.661356395084, 0.005
72.17913, 0.0, 4551.661356395084, 0.005
72.186611, 0.0, 4509.921828021647, 0.005
72.194595, 0.0, 4509.243950097701, 0.005
72.201095, 0.0, 4509.243950097701, 0.005
72.207211, 0.0, 4466.279589102278, 0.005
72.213673, 0.0, 4466.279589102278, 0.005
72.225796, 0.0, 4509.243950097701, 0.005
72.233519, 0.0, 4466.279589102278, 0.005
72.239569, 0.0, 4466.279589102278, 0.005
72.245051, 0.0, 4466.279589102278, 0.005
72.254332, 0.0, 4509.243950097701, 0.005
72.262296, 0.0, 4466.279589102278, 0.005
72.267464, 0.0, 4466.279589102278, 0.005
72.272992, 0.0, 4466.279589102278, 0.005
72.280824, 0.0, 4465.614766299494, 0.005
72.291386, 0.0, 4466.279589102278, 0.005
72.297926, 0.0, 4466.279589102278, 0.005
72.304088, 0.0, 4422.821760283061, 0.005
72.310449, 0.0, 4422.821760283061, 0.005
72.318657, 0.0, 4466.279589102278, 0.005
72.326551, 0.0, 4466.279589102278, 0.005
72.338519, 0.0, 4422.821760283061, 0.005
72.346701, 0.0, 4423.473901503981, 0.005
72.352716, 0.0, 4423.473901503981, 0.005
72.36133, 0.0, 4422.821760283061, 0.005
72.365938, 0.0, 4422.821760283061, 0.005
72.371976, 0.0, 4423.473901503981, 0.005
72.379726, 0.0, 4423.473901503981, 0.005
72.385039, 0.0, 4422.821760283061, 0.005
72.395308, 0.0, 4383.4015195791935, 0.005
72.401894, 0.0, 4383.4015195791935, 0.005
72.407869, 0.0, 4383.4015195791935, 0.005
72.414191, 0.0, 4423.473901503981, 0.005
72.422544, 0.0, 4380.841121495328, 0.005
72.432832, 0.0, 4380.841121495328, 0.005
72.442683, 0.0, 4381.480940557909, 0.005
72.453248, 0.0, 4380.841121495328, 0.005
72.459827, 0.0, 4380.841121495328, 0.005
72.465521, 0.0, 4383.4015195791935, 0.005
72.471727, 0.0, 4383.4015195791935, 0.005
72.479672, 0.0, 4340.277777777778, 0.005
72.48503, 0.0, 4340.277777777778, 0.005
72.495258, 0.0, 4339.649934905251, 0.005
72.501776, 0.0, 4339.649934905251, 0.005
72.507683, 0.0, 4381.480940557909, 0.005
72.513851, 0.0, 4381.480940557909, 0.005
72.521951, 0.0, 4342.162396873643, 0.005
72.53132, 0.0, 4342.162396873643, 0.005
72.537516, 0.0, 4299.226139294927, 0.005
72.543742, 0.0, 4299.226139294927, 0.005
72.555991, 0.0, 4342.162396873643, 0.005
72.564203, 0.0, 4340.277777777778, 0.005
72.571062, 0.0, 4340.277777777778, 0.005
72.578932, 0.0, 4299.226139294927, 0.005
72.587694, 0.0, 4299.226139294927, 0.005
72.595495, 0.0, 4301.691998852882, 0.005
72.601783, 0.0, 4301.691998852882, 0.005
72.610702, 0.0, 4299.842339114232, 0.005
72.617004, 0.0, 4301.691998852882, 0.005
72.622315, 0.0, 4301.691998852882, 0.005
72.628854, 0.0, 4301.691998852882, 0.005
72.634588, 0.0, 4299.226139294927, 0.005
72.642715, 0.0, 4299.226139294927, 0.005
72.656566, 0.0, 4261.969029691718, 0.005
72.664359, 0.0, 4261.969029691718, 0.005
72.673392, 0.0, 4260.153365521159, 0.005
72.679255, 0.0, 4260.153365521159, 0.005
72.685516, 0.0, 4260.153365521159, 0.005
72.691646, 0.0, 4261.969029691718, 0.005
72.699683, 0.0, 4261.969029691718, 0.005
72.706362, 0.0, 4261.969029691718, 0.005
72.71237, 0.0, 4261.969029691718, 0.005
72.720256, 0.0, 4259.5484878602865, 0.005
72.725027, 0.0, 4259.5484878602865, 0.005
72.731032, 0.0, 4222.972972972973, 0.005
72.738831, 0.0, 4222.972972972973, 0.005
72.743926, 0.0, 4222.972972972973, 0.005
72.761232, 0.0, 4221.190375685944, 0.005
72.766604, 0.0, 4221.190375685944, 0.005
72.772526, 0.0, 4222.972972972973, 0.005
72.780844, 0.0, 4222.972972972973, 0.005
72.7906, 0.0, 4222.972972972973, 0.005
72.796223, 0.0, 4222.972972972973, 0.005
72.802726, 0.0, 4184.684056353745, 0.005
72.811666, 0.0, 4184.684056353745, 0.005
72.819957, 0.0, 4182.350480970305, 0.005
72.82804, 0.0, 4182.350480970305, 0.005
72.835406, 0.0, 4222.972972972973, 0.005
72.841361, 0.0, 4222.972972972973, 0.005
72.84686, 0.0, 4147.083218136578, 0.005
72.852789, 0.0, 4147.083218136578, 0.005
72.865547, 0.0, 4184.684056353745, 0.005
72.875815, 0.0, 4184.684056353745, 0.005
72.881102, 0.0, 4184.684056353745, 0.005
72.890797, 0.0, 4147.083218136578, 0.005
72.896928, 0.0, 4147.083218136578, 0.005
72.902932, 0.0, 4147.083218136578, 0.005
72.911912, 0.0, 4147.083218136578, 0.005
72.919936, 0.0, 4147.083218136578, 0.005
72.925062, 0.0, 4147.083218136578, 0.005
72.93111, 0.0, 4147.083218136578, 0.005
72.938789, 0.0, 4147.083218136578, 0.005
72.943927, 0.0, 4147.083218136578, 0.005
72.954207, 0.0, 4110.152075626798, 0.005
72.960419, 0.0, 4147.083218136578, 0.005
72.97258, 0.0, 4147.083218136578, 0.005
72.980716, 0.0, 4110.152075626798, 0.005
72.990713, 0.0, 4111.8421052631575, 0.005
72.996639, 0.0, 4111.8421052631575, 0.005
73.002667, 0.0, 4073.872895165671, 0.005
73.011899, 0.0, 4073.872895165671, 0.005
73.019878, 0.0, 4110.152075626798, 0.005
73.025065, 0.0, 4110.152075626798, 0.005
73.036186, 0.0, 4073.872895165671, 0.005
73.042609, 0.0, 4073.872895165671, 0.005
73.048275, 0.0, 4110.152075626798, 0.005
73.053897, 0.0, 4110.152075626798, 0.005
73.061678, 0.0, 4039.8599515216806, 0.005
73.066935, 0.0, 4039.8599515216806, 0.005
73.072845, 0.0, 4039.8599515216806, 0.005
73.084969, 0.0, 4073.872895165671, 0.005
73.093423, 0.0, 4073.872895165671, 0.005
73.099686, 0.0, 4073.872895165671, 0.005
73.105036, 0.0, 4073.872895165671, 0.005
73.111226, 0.0, 4039.8599515216806, 0.005
73.119946, 0.0, 4039.8599515216806, 0.005
73.127591, 0.0, 4038.2285637367077, 0.005
73.135558, 0.0, 4038.2285637367077, 0.005
73.141928, 0.0, 4038.2285637367077, 0.005

